{
  "users": {
    "6283823253378@s.whatsapp.net": {
      "afkTime": -1,
      "afkReason": "",
      "limit": "Infinity"
    },
    "6285225931009@s.whatsapp.net": {
      "afkTime": -1,
      "afkReason": "",
      "limit": "Infinity"
    }
  },
  "chats": {
    "6283823253378@s.whatsapp.net": {
      "mute": false,
      "antilink": false
    },
    "6285225931009@s.whatsapp.net": {
      "mute": false,
      "antilink": false
    }
  },
  "database": {},
  "game": {
    "tebaklagu": [],
    "family100": [],
    "math": [],
    "tebakgambar": [],
    "tebakkata": [],
    "lontong": [],
    "lontong_desk": [],
    "kalimat": [],
    "lirik": [],
    "tebakan": []
  },
  "settings": {
    "6283823253378@s.whatsapp.net": {
      "anticall": true,
      "status": 0,
      "autobio": false,
      "templateImage": true,
      "templateVideo": false,
      "templateGif": false,
      "templateMsg": false,
      "templateLocation": false
    }
  },
  "others": {
    "vote": []
  },
  "sticker": {},
  "anonymous": {}
}