{
  "creds": {
    "noiseKey": {
      "private": {
        "type": "Buffer",
        "data": "WJimz7FxmanVd9mSiax0Z85HoncI58Y29SczB6sNwX0="
      },
      "public": {
        "type": "Buffer",
        "data": "daCZQBVIDFO4PuTORvnnIJhdmUx60vB7IeAcPpnUYk8="
      }
    },
    "signedIdentityKey": {
      "private": {
        "type": "Buffer",
        "data": "cPqIRod+HofbGw50jhQ3Nr5WIVhaM73KbRKAuQakaV8="
      },
      "public": {
        "type": "Buffer",
        "data": "eYoVnADmjR/Kal4iVc3ilxhG1g7hn947JFYlOFWfCk4="
      }
    },
    "signedPreKey": {
      "keyPair": {
        "private": {
          "type": "Buffer",
          "data": "cK35d6oqUSHNEi1PnMrrhkuhqeiGb57R1QCPMcSERUU="
        },
        "public": {
          "type": "Buffer",
          "data": "NBCCz0ntO/byrl/lLRn+Fga2sMa/dmi97eEjHJtdXlw="
        }
      },
      "signature": {
        "type": "Buffer",
        "data": "xjwoF0D589sGahzCeLjw0qhvNKupNvR9YqwFU6jE/Wf+wzyhu3PUaXiYdBBtQZXjR7vjVkRp9C8ICbPbLqM8gg=="
      },
      "keyId": 1
    },
    "registrationId": 133,
    "advSecretKey": "4Dvlj3sJYHQzglHnzmrjIbzdwoR1ePU4GAtyyVqj6sM=",
    "processedHistoryMessages": [
      {
        "key": {
          "remoteJid": "6283823253378@s.whatsapp.net",
          "fromMe": true,
          "id": "09B700102FE8FC1702D35642818AC698"
        },
        "messageTimestamp": 1658890575
      },
      {
        "key": {
          "remoteJid": "6283823253378@s.whatsapp.net",
          "fromMe": true,
          "id": "0D36B65302D897AE3A64C7005E05B6F5"
        },
        "messageTimestamp": 1658890576
      },
      {
        "key": {
          "remoteJid": "6283823253378@s.whatsapp.net",
          "fromMe": true,
          "id": "07F7303E615F9371FDD44E17BAC33AB2"
        },
        "messageTimestamp": 1658890581
      }
    ],
    "nextPreKeyId": 31,
    "firstUnuploadedPreKeyId": 31,
    "accountSettings": {
      "unarchiveChats": false
    },
    "account": {
      "details": "CK3ax8wDEMvSgpcGGAE=",
      "accountSignatureKey": "vWuBvjGBNO99yeXgjUzez9dlN5EaHxnuPQIL1P/l718=",
      "accountSignature": "Z38/n4LshGQnlnVlxOYlHHCjdl/WMmboUC2EcktzhtQc40Vnr64C2Rrx8l6eYwDBr99xdhCefL/bz1ljynnKDA==",
      "deviceSignature": "OnnICEkoAvyJN1AEJIYgfP7reIXfKEhrxoetAJ7L3B1nhsJheiCWNxIevy8MGOHDDEAqoI51tYseHaHy6DfsiQ=="
    },
    "me": {
      "id": "6283823253378:9@s.whatsapp.net",
      "name": "Bot-Foxes"
    },
    "signalIdentities": [
      {
        "identifier": {
          "name": "6283823253378:9@s.whatsapp.net",
          "deviceId": 0
        },
        "identifierKey": {
          "type": "Buffer",
          "data": "Bb1rgb4xgTTvfcnl4I1M3s/XZTeRGh8Z7j0CC9T/5e9f"
        }
      }
    ],
    "platform": "android",
    "lastAccountSyncTimestamp": 1658890705,
    "myAppStateKeyId": "AAAAALtb"
  },
  "keys": {
    "preKeys": {
      "1": {
        "private": {
          "type": "Buffer",
          "data": "ACWULy/fCPi/3rbbC8TRAhh7pcFLmHhNi0MeXu/mu3k="
        },
        "public": {
          "type": "Buffer",
          "data": "b4PywHowpZbiEWA6GAHZdhOW9vF3oZQQkirHabN4oHU="
        }
      },
      "2": {
        "private": {
          "type": "Buffer",
          "data": "SLu7Q4nZyRimHIkO7m0t4Jglri8hYexZkv0dRwVTqWs="
        },
        "public": {
          "type": "Buffer",
          "data": "sRnEGHZ7obZi7SYCmGeMO/BFZBbnlLni89SVEaNiYDk="
        }
      },
      "3": {
        "private": {
          "type": "Buffer",
          "data": "4Ix90vTdIOJ6WIVcIZllCON3Et1eQKLZeHqW7cXN5kw="
        },
        "public": {
          "type": "Buffer",
          "data": "LbZEljR/uYuIP4F8cOMNArDzGVyODrkt6ACmyLt66nU="
        }
      },
      "4": {
        "private": {
          "type": "Buffer",
          "data": "AB9zQVYepEYH1iJZK4tyFVTaglnBIqycSaocpOOmxE0="
        },
        "public": {
          "type": "Buffer",
          "data": "dcPmBkgFgEFMzjF96sNrJcwn2HF7yiSeU3ToTV0wTw4="
        }
      },
      "5": {
        "private": {
          "type": "Buffer",
          "data": "GG0wIttBNbD/hpSWhX1gQJ5SEDVdaAzJP+eVZ2zUSFI="
        },
        "public": {
          "type": "Buffer",
          "data": "s6ZQ1NtxorqlUHdaThKqCkne5mAHEX6ea9ZjrRnZXXU="
        }
      },
      "6": {
        "private": {
          "type": "Buffer",
          "data": "0NfVvCRrPGPYPKccd6edoe2M8E60zcO0wMe11E4YPUk="
        },
        "public": {
          "type": "Buffer",
          "data": "4eTUDj/MQgYSHHuSmU4MfCDN3T2qVQdYvOE9jmyvnm8="
        }
      },
      "7": {
        "private": {
          "type": "Buffer",
          "data": "cLLLtoAcc1Mr+0qh0QWN506Xkj973Dtc4+eD4OGqjkQ="
        },
        "public": {
          "type": "Buffer",
          "data": "OFElTghX//7b/jfw5gNxHkKeO3uGmhFwJ4RxhK01fAY="
        }
      },
      "8": {
        "private": {
          "type": "Buffer",
          "data": "iJkfmhg+HiMxHrA+l0brcnZSCwGxYwn/dGboviN2GXI="
        },
        "public": {
          "type": "Buffer",
          "data": "Ay0i72p0H4KdhYLx4AxrQkDJJid2FIHNAgM04CDF/Us="
        }
      },
      "9": null,
      "10": {
        "private": {
          "type": "Buffer",
          "data": "8G1uA9aCg5Zg3bG3tDRi/R+uobnpXkWgyYet4xDtrFo="
        },
        "public": {
          "type": "Buffer",
          "data": "lzNoOcbcDlthcchd/mv/I2RbN15qIZs3GcWnicM/Okw="
        }
      },
      "11": {
        "private": {
          "type": "Buffer",
          "data": "iMEJfRpDcpopZ4K08P2r1GhjNkWjFb9ahg2MGpY3PnI="
        },
        "public": {
          "type": "Buffer",
          "data": "sepOeod0Qj6ShqZSiUmhfSDcbpenr3FrD7t/3lR7LQE="
        }
      },
      "12": {
        "private": {
          "type": "Buffer",
          "data": "GEQDFWyBoNzu0KuIsVJ8KWuo2Vg1Vn6uCKuqlc5vZWg="
        },
        "public": {
          "type": "Buffer",
          "data": "2wTDdSS5axAnQGgPoHK4DOuRtLx2DnlGPaDJ1o+KkTg="
        }
      },
      "13": {
        "private": {
          "type": "Buffer",
          "data": "qJxvKbNoUaCyyXtx2/ZR9NqtrknLMWlq7JKq1xLfJk4="
        },
        "public": {
          "type": "Buffer",
          "data": "C9l569/U23HLtWQcRcH2F8c91vqty1WJh18lkEAlhh0="
        }
      },
      "14": {
        "private": {
          "type": "Buffer",
          "data": "EF+g5njcnOey3NP8wagEYmEy2Ri47qrOchs7PFyRblI="
        },
        "public": {
          "type": "Buffer",
          "data": "g6g2BCXAGokyI/NlKCd05fiDjzSR6Vfqaa9Gl3LRPxg="
        }
      },
      "15": {
        "private": {
          "type": "Buffer",
          "data": "gIl8l8k6+4W3dzHFqbwk6edbVJQfsQjeEiMqeG2a32U="
        },
        "public": {
          "type": "Buffer",
          "data": "7ciwAfe+Oq52MVleLjbKBjRNj6hBCCV9J94HZvO2iGw="
        }
      },
      "16": {
        "private": {
          "type": "Buffer",
          "data": "iOIBK6q/Zyeoonz5lBd+J6gJMihktsrTU/PQpE6zPVA="
        },
        "public": {
          "type": "Buffer",
          "data": "lU5JqCCGK3f3D6xB0pZ2lGtxBd6HFOX2p3/gcnuIPi0="
        }
      },
      "17": {
        "private": {
          "type": "Buffer",
          "data": "AOrk7nCu7hIKLMmpY0REABqVgGDlUXupg8RHufXoHkE="
        },
        "public": {
          "type": "Buffer",
          "data": "vl4LqceHfUncvZnq5+199sLFtktVMXjj5S4IzqeWq1U="
        }
      },
      "18": {
        "private": {
          "type": "Buffer",
          "data": "GB8Q+HjQbOFoYnOFUGqqjHi3g/w512Uw3ktjctX/P0M="
        },
        "public": {
          "type": "Buffer",
          "data": "s/GabmfFQ007PEQYu7MB/m9re5dw+tVzkL7uSz6NS08="
        }
      },
      "19": null,
      "20": {
        "private": {
          "type": "Buffer",
          "data": "CEpRtu0s9gforZ/Ad7FCXFzJ3I+wQZGvDBTkPnVAmWw="
        },
        "public": {
          "type": "Buffer",
          "data": "FGdyHXoHyU8VBCXjEnWlTlx6aqgYJoWaScYQc5hFUHY="
        }
      },
      "21": {
        "private": {
          "type": "Buffer",
          "data": "qJn9FelTB/SNaRFUmWTdKpdEsX0dU8PrJNijp2qiGWA="
        },
        "public": {
          "type": "Buffer",
          "data": "0FPyUqzKoTBmYIimYNj9C0npKzrVZwdJYMYAI8woVDc="
        }
      },
      "22": {
        "private": {
          "type": "Buffer",
          "data": "mPzRgdl0QRzhlXPP90vGIf9EDuK9uw+2DcP/mQmSY0Q="
        },
        "public": {
          "type": "Buffer",
          "data": "6B3eZceergvOTWG4rlKW1rpLOni9/R0TBusX1fl9HRE="
        }
      },
      "23": null,
      "24": {
        "private": {
          "type": "Buffer",
          "data": "yP4TDzeWNkY8uZeU4CKr/ggtQPYZmAFpvkjteCkcf1M="
        },
        "public": {
          "type": "Buffer",
          "data": "+LL14aFrk9bMS+cscYf0vu9KeXPMpf0tk3FV+kcnUTg="
        }
      },
      "25": {
        "private": {
          "type": "Buffer",
          "data": "cITvHe7whEfMfoyaYfOWyf2AKawcpoeChEXNnizlo3Q="
        },
        "public": {
          "type": "Buffer",
          "data": "+fUis0N/mcLjL39kT0djHhqZUz2Wa141qpqHMN+Tq0U="
        }
      },
      "26": {
        "private": {
          "type": "Buffer",
          "data": "sKHtZr8VOKlHEwDxoG3G34lWYriFwbDQiydD2A1Sf2Y="
        },
        "public": {
          "type": "Buffer",
          "data": "d9mT0ZIP+xGABrkj3lGt/NNX2iUajA+ffuPr6V2XZnY="
        }
      },
      "27": {
        "private": {
          "type": "Buffer",
          "data": "6BXinFayRMELfgXWe1QocIjqnre7z56iodp/W6kgllY="
        },
        "public": {
          "type": "Buffer",
          "data": "NVyBXfRLOA761ws/1vJQWJMv5FJgAlruZprbwSC0REw="
        }
      },
      "28": {
        "private": {
          "type": "Buffer",
          "data": "KH6TS85sDTCMRxkX+0ue/yKTFnJgq2ZQiNnb+02fvn4="
        },
        "public": {
          "type": "Buffer",
          "data": "GgP6/GRWy//KkASmtvYKY+3hMmbTcaEpuUxM7HWMPFE="
        }
      },
      "29": {
        "private": {
          "type": "Buffer",
          "data": "aOHBM9ksSIdLznAP1TJdNhGo30evEa9sIyMI2OKsS3s="
        },
        "public": {
          "type": "Buffer",
          "data": "2xg2l2JBuDjMnL+p3ZxgEn85zKub6JKa/7d+TFYk7V0="
        }
      },
      "30": {
        "private": {
          "type": "Buffer",
          "data": "YJT4ra17kmcpitnBumRkJ2coDdOOIpZ/Zwmc/9209mc="
        },
        "public": {
          "type": "Buffer",
          "data": "2RU2uxjOz1RiEfcEKWxkS7hhn5jEUrz7K839g/Wdoxg="
        }
      }
    },
    "sessions": {
      "6283823253378.0": {
        "_sessions": {
          "BZyl7KAYkG1ZUiYXcywMFxCvk2t8WrX3QLNYcAL2GcAk": {
            "registrationId": 85750830,
            "currentRatchet": {
              "ephemeralKeyPair": {
                "pubKey": "BUF2nHSxYqdixM0kBVxza5Tb/B21GGiJTsYg3uQpOdky",
                "privKey": "YFdXffb8PVp4qeZDrUcN68XOrBwYbJ5e++FMLFvlTkM="
              },
              "lastRemoteEphemeralKey": "BRpK4veK4HX+kLAjXMjGHLCr8kmtzg1kyY8TfU2OFYNt",
              "previousCounter": 0,
              "rootKey": "zYwe5adsLPoOXDpIkbNVRV8eogs3Gg2jBBxGfQt3BA8="
            },
            "indexInfo": {
              "baseKey": "BZyl7KAYkG1ZUiYXcywMFxCvk2t8WrX3QLNYcAL2GcAk",
              "baseKeyType": 2,
              "closed": -1,
              "used": 1658890593726,
              "created": 1658890575536,
              "remoteIdentityKey": "Bb1rgb4xgTTvfcnl4I1M3s/XZTeRGh8Z7j0CC9T/5e9f"
            },
            "_chains": {
              "BU0Wp98Ou5OsPv/cBAapGF4uikNNGA+w+FmTq3ZTEApa": {
                "chainKey": {
                  "counter": 5
                },
                "chainType": 2,
                "messageKeys": {}
              },
              "BRpK4veK4HX+kLAjXMjGHLCr8kmtzg1kyY8TfU2OFYNt": {
                "chainKey": {
                  "counter": 0,
                  "key": "2Ll6TilmPfOjtwRwpZszwaxaKz1GYpnp0ppMEhOq2+I="
                },
                "chainType": 2,
                "messageKeys": {}
              },
              "BUF2nHSxYqdixM0kBVxza5Tb/B21GGiJTsYg3uQpOdky": {
                "chainKey": {
                  "counter": 5,
                  "key": "pPQ7UGFwSeKffCR5Gw54sZ0i2Ayl/Va9etbAmrH3p/A="
                },
                "chainType": 1,
                "messageKeys": {}
              }
            }
          }
        },
        "version": "v1"
      },
      "6285225931009.0": {
        "_sessions": {
          "BSY9OHXieBUW7nNZmDziGS3OFRDxgw6/fDBnbOI/D0sd": {
            "registrationId": 1085808822,
            "currentRatchet": {
              "ephemeralKeyPair": {
                "pubKey": "BRZqLjIR2QYnPbekDuyrgxZx9l+XHLnsfwcxB9+lEIl4",
                "privKey": "0NMvQ75XnwixrN99Z6DmlaQYM7zSz5Ne5yA9W34uTlI="
              },
              "lastRemoteEphemeralKey": "BaX4S02FXg0F1GV5oXwbWaX+8L+ZvWKzOotHeByGqUQv",
              "previousCounter": 0,
              "rootKey": "m3fx2b/dJwXMh8HTMO/e7YfmFqhy0iiCjcIaegQtx78="
            },
            "indexInfo": {
              "baseKey": "BSY9OHXieBUW7nNZmDziGS3OFRDxgw6/fDBnbOI/D0sd",
              "baseKeyType": 2,
              "closed": -1,
              "used": 1658890740676,
              "created": 1658890588074,
              "remoteIdentityKey": "BVJ/fQUdRESyDwbavuKsYwe+G3b0SIHfkSDDB3yoO3oh"
            },
            "_chains": {
              "BZlKRvcziubkaPqhBczqGqdgFgPIGZ7JMhHleQsTYpcT": {
                "chainKey": {
                  "counter": 0
                },
                "chainType": 2,
                "messageKeys": {}
              },
              "BSzVjl63h9xzCOuJOXsfERmyPLZ83wb3UM7ovAt1SfMX": {
                "chainKey": {
                  "counter": 6
                },
                "chainType": 2,
                "messageKeys": {}
              },
              "BcBoaZlVhoArneJ6cghk2ZH3Rh+AQ7rZi2d5MeyS22xz": {
                "chainKey": {
                  "counter": 0
                },
                "chainType": 2,
                "messageKeys": {}
              },
              "BVlw/hIl0bwKZREwS1cMmjBuZMZs7esFLOUq+1aEAm1S": {
                "chainKey": {
                  "counter": 0
                },
                "chainType": 2,
                "messageKeys": {}
              },
              "Bd4OK0e0nq0GjiKBL/H/i7tXXQ28JEXlZzw4P58jzG5L": {
                "chainKey": {
                  "counter": 0
                },
                "chainType": 2,
                "messageKeys": {}
              },
              "BaX4S02FXg0F1GV5oXwbWaX+8L+ZvWKzOotHeByGqUQv": {
                "chainKey": {
                  "counter": 1,
                  "key": "l5H8JMruGEN9QwQfiSxyWr3JSyg6nZ5xNwRLw4nZj8k="
                },
                "chainType": 2,
                "messageKeys": {}
              },
              "BRZqLjIR2QYnPbekDuyrgxZx9l+XHLnsfwcxB9+lEIl4": {
                "chainKey": {
                  "counter": 1,
                  "key": "NcrUI5HO+gzBrk56lRBQxEIUdvssjPJPaTygS6OuJHI="
                },
                "chainType": 1,
                "messageKeys": {}
              }
            }
          }
        },
        "version": "v1"
      },
      "6282327846103.0": {
        "_sessions": {
          "BcK7KmyMXBWqWnhcS03uDhIHWcxGBvCstqJsswO5n+5J": {
            "registrationId": 1923383277,
            "currentRatchet": {
              "ephemeralKeyPair": {
                "pubKey": "BTDsxuoDTv9wUZYkYIOA/f8kGKTgtEA76gEwQ+S72nM+",
                "privKey": "qOG1L14Vk/IqkWld/pkBK2WNvU+ndGoLl+qX+1k7aFg="
              },
              "lastRemoteEphemeralKey": "Bc6R5zBui/lHIdel0QLpBDWcg7l1mVcuERgTdm54gT8Q",
              "previousCounter": 0,
              "rootKey": "MbRXvHgvSzbhMJuiNrF9DGy8INzogKGxYi6faBxT0QA="
            },
            "indexInfo": {
              "baseKey": "BcK7KmyMXBWqWnhcS03uDhIHWcxGBvCstqJsswO5n+5J",
              "baseKeyType": 2,
              "closed": -1,
              "used": 1658891128948,
              "created": 1658891128947,
              "remoteIdentityKey": "BaIZo3njS0Yaw7wXZxq9w1PWrZ9b1NwouxyrALx93/c7"
            },
            "_chains": {
              "Bc6R5zBui/lHIdel0QLpBDWcg7l1mVcuERgTdm54gT8Q": {
                "chainKey": {
                  "counter": 0,
                  "key": "A37CQAnF7t0I9BK9AWaYPtZQ9cAzm+mq0VDvA4CRzPc="
                },
                "chainType": 2,
                "messageKeys": {}
              },
              "BTDsxuoDTv9wUZYkYIOA/f8kGKTgtEA76gEwQ+S72nM+": {
                "chainKey": {
                  "counter": -1,
                  "key": "CFn/XpmNSrLWaCjoK2MICdt1SSnf307UY4psYxqjhAo="
                },
                "chainType": 1,
                "messageKeys": {}
              }
            }
          }
        },
        "version": "v1"
      }
    },
    "appStateSyncKeys": {
      "AAAAALta": {
        "keyData": "8enSOEWAD4PmRaiVQjmwlAUWDo5T08Xn4Gxhglz7R/w=",
        "fingerprint": {
          "rawId": 965864749,
          "currentIndex": 1,
          "deviceIndexes": [
            0
          ]
        },
        "timestamp": "1658890572989"
      },
      "AAAAALtQ": {
        "keyData": "yUDx79gnzOtNL8WGc4MChgJqNoaDKQMRhj+YOl8C7Us=",
        "fingerprint": {
          "rawId": 965864741,
          "currentIndex": 1,
          "deviceIndexes": [
            0
          ]
        },
        "timestamp": "1655576375875"
      },
      "AAAAALtR": {
        "keyData": "g9z6GstgysfvXByX3AgTZ1ZnvsoR7VvkKhz6OpBLW5w=",
        "fingerprint": {
          "rawId": 965864742,
          "currentIndex": 1,
          "deviceIndexes": [
            0,
            1
          ]
        },
        "timestamp": "0"
      },
      "AAAAALtO": {
        "keyData": "Mssfg7Bf3MTmEl2Scio4zYYYsgWILVeeplK6JUAv1To=",
        "fingerprint": {
          "rawId": 965864740,
          "currentIndex": 1,
          "deviceIndexes": [
            0
          ]
        },
        "timestamp": "1655530349627"
      },
      "AAAAALtP": {
        "keyData": "UjZPrtHvk0emnAkla/6DRS+GQyRENmLGfpf0x2YtnUo=",
        "fingerprint": {
          "rawId": 965864741,
          "currentIndex": 1,
          "deviceIndexes": [
            0,
            1
          ]
        },
        "timestamp": "0"
      },
      "AAAAALtN": {
        "keyData": "DMH3N+fH1yBBNOFgqg4DB11n4yd+kUi8JeXOYUx9z7Y=",
        "fingerprint": {
          "rawId": 965864740,
          "currentIndex": 1,
          "deviceIndexes": [
            0,
            1
          ]
        },
        "timestamp": "0"
      },
      "AAAAALtY": {
        "keyData": "h4+ms8y4exX/qtKJc60XfazgnLVSVciEySN46POjtAQ=",
        "fingerprint": {
          "rawId": 965864746,
          "currentIndex": 1,
          "deviceIndexes": [
            0
          ]
        },
        "timestamp": "1658284278724"
      },
      "AAAAALtZ": {
        "keyData": "0OQQIZo+b3DuwfyBAPS5KU23M4ShKUFPxleYzeoulYU=",
        "fingerprint": {
          "rawId": 965864748,
          "currentIndex": 1,
          "deviceIndexes": [
            0,
            1
          ]
        },
        "timestamp": "0"
      },
      "AAAAALtW": {
        "keyData": "eAmNp2sEtmIeM3JLBNFS+mPM4FDz/AtXCAUZEKMGS3M=",
        "fingerprint": {
          "rawId": 965864745,
          "currentIndex": 1,
          "deviceIndexes": [
            0,
            1
          ]
        },
        "timestamp": "1658248792815"
      },
      "AAAAALtX": {
        "keyData": "EurWHtYx4q/2+v9gODVT0dYtFuKPUe5pIKXHXN01a88=",
        "fingerprint": {
          "rawId": 965864746,
          "currentIndex": 1,
          "deviceIndexes": [
            0,
            1
          ]
        },
        "timestamp": "0"
      },
      "AAAAALtU": {
        "keyData": "L9+2DqTEdlvxuJJ2ErhRakkzaztWvpzbS46kRRNT+9A=",
        "fingerprint": {
          "rawId": 965864744,
          "currentIndex": 1,
          "deviceIndexes": [
            0,
            1
          ]
        },
        "timestamp": "0"
      },
      "AAAAALtV": {
        "keyData": "x9M3KfufZIM+xS83M3CfwBn8zt14hOnm2/dEhnm5qWg=",
        "fingerprint": {
          "rawId": 965864744,
          "currentIndex": 1,
          "deviceIndexes": [
            0
          ]
        },
        "timestamp": "1655732446574"
      },
      "AAAAALtS": {
        "keyData": "ue6/+taczJEeDjpx08pJws2MUxvaw2h4+RnmDCuW3IY=",
        "fingerprint": {
          "rawId": 965864742,
          "currentIndex": 1,
          "deviceIndexes": [
            0
          ]
        },
        "timestamp": "1655576698732"
      },
      "AAAAALtT": {
        "keyData": "B1IgCXTZ0ZPrUH1LKR7OpZ9b50ouZdQDj6c5pU0axgA=",
        "fingerprint": {
          "rawId": 965864743,
          "currentIndex": 1,
          "deviceIndexes": [
            0,
            1
          ]
        },
        "timestamp": "0"
      },
      "AAAAALtb": {
        "keyData": "Ff+sarKVzUe3rUUza+bgu9i1meuzAInEf03NZ9i9u+4=",
        "fingerprint": {
          "rawId": 965864749,
          "currentIndex": 1,
          "deviceIndexes": [
            0,
            1
          ]
        },
        "timestamp": "1658890593480"
      }
    },
    "appStateVersions": {
      "regular_low": {
        "version": 10,
        "hash": {
          "type": "Buffer",
          "data": "CXoKoBPj2p+7Itma4oykEuXxFzlKW56NPPNpQew7bv94PG6SOP/5ff3BNt2szhrkNFOFpVGCTanrkgcEzYUpPVlrfbfpQJtJIGT+F/n/5LRCnv1yZzCevZbhzxSrElSq0KXchvdLUQGytfi4JMYQQoolIP48mRSSmQseHifRh2w="
        },
        "indexValueMap": {
          "CcAcB2XsE0N1Rp0zWw8Td/d43b6tPRQ500MImYXI72M=": {
            "valueMac": {
              "type": "Buffer",
              "data": "o9FomrkjtW1ZufYTX35TrovuFVrOf68laT+zIxVWF8Y="
            }
          },
          "7UeTn+DTQF5/d03dZDUm734Yf2CpnrlVuAk4h31yB3s=": {
            "valueMac": {
              "type": "Buffer",
              "data": "UNWnYXBa8FRUvDyr8Rl1kzSMCRGd9zcSwZqydHjxpg4="
            }
          },
          "r8IKfYO+wPcK2lw1yFWUZHzsOVqje0YnSvVAaVKDrCc=": {
            "valueMac": {
              "type": "Buffer",
              "data": "4IF01t+4k2qMH4jgymeUhk41dxF6aq21bHPjN+OVfTc="
            }
          }
        }
      },
      "regular_high": {
        "version": 10,
        "hash": {
          "type": "Buffer",
          "data": "v80dRJAbuwitp4BxEOSt6LMiv3ZQV8MQ9/e8RFqxp1s5CXVIeiSB2NGRPvmeiQafdiXUaRJygsCIsha7H1HlvA7ZGfDHqfI3ffMAIxa5Of9cHwIfwasEwZI0Nhs2AUbjDENaYJGLR8TpamuzOosES3VW69kXdEUdp4XBecQLmsk="
        },
        "indexValueMap": {
          "aRn1G3UroptbyPkxdGf4NG2e0UwZOJ09G4Iyp3mO2E8=": {
            "valueMac": {
              "type": "Buffer",
              "data": "Pv3cw5klD6PhBvHFJhbFgB5AqR6k3k7M6EglwGtUpXM="
            }
          },
          "vpLGytznYSufKxNVMmv4V4AiBpRs4XlSjpOwrJK5uQ4=": {
            "valueMac": {
              "type": "Buffer",
              "data": "hc8+bmCSUXG3KKfx59xplKAxDZwhCcglOf0sqkIWiWQ="
            }
          },
          "7x5F0MGiMbIQVPuTIQzyzFwrGQke2Bw+LmdLwyqYnac=": {
            "valueMac": {
              "type": "Buffer",
              "data": "fIAlvJlOsm2kqASfPd8XZBGpAPFwUGdZqmWWWUr0w+w="
            }
          }
        }
      },
      "regular": {
        "version": 11,
        "hash": {
          "type": "Buffer",
          "data": "dbUNTMQp/nzxxk975/B776rqbt9mGUgafNMQeIOtkDA/DjW+dDHGHkA839VE650KqeBN+t1RarTcNRkIPdruycn3aLDtOdyYW2c0RMJlbWyguOvMfmR/qX+vCMsDXKwvCc8siouhm02rAiKbGNXyDV8XZ1CEBEFrcsvalwHndco="
        },
        "indexValueMap": {
          "9TbYH7wECmBZGBgtJNFfqgkkwxfFE94gEiBKRvk2f1E=": {
            "valueMac": {
              "type": "Buffer",
              "data": "FZVBb1TXvl8Z2wQGs56UutYmVQAxnFywBkbe3gj/aPw="
            }
          },
          "xaGgOKKyF4EkiZ7QQuIuBLViFEGWhrDoHudEPbTodXg=": {
            "valueMac": {
              "type": "Buffer",
              "data": "bjLB5eYVEIxvBP+1JvK+anGMI8OWkf5TsHE9mWp4vVI="
            }
          }
        }
      },
      "critical_block": {
        "version": 9,
        "hash": {
          "type": "Buffer",
          "data": "Yg597ekhDMciYx9eVLmiJGwe/H/mjXaAZ8M4p5mqAe1X9qEUnoHJL1G7V65iubYrfevqRJmQK0LcXK5WArJSba/zFqZjsaHffZ5FnHCLfg1ByShpDzG9qNDJ8wSJA2ehWPMe//Gi/OgaOJZjRoGSmg3W8h56EtMctJIJZVOh2Yo="
        },
        "indexValueMap": {
          "a+AsyhL3pO7vQkBkkg4WcDZryYEALPsBR3yw6TNTdSs=": {
            "valueMac": {
              "type": "Buffer",
              "data": "rutvZ6BlHEtV6yx/01gJOk5+YQi1B56xqzIoySmiTf4="
            }
          },
          "AW8mY9ZcTX5GEquE7JuqunJuiLNKgh22JZvf4cjNRf8=": {
            "valueMac": {
              "type": "Buffer",
              "data": "7pOjyF0OeuQv6s2wV84wOG1AxkTXj37QTH2l+mUC5X4="
            }
          },
          "YIB7cdFGCHH9SM2i8ZLb1kv4U2uHr1ZfOA0AXq1UdC8=": {
            "valueMac": {
              "type": "Buffer",
              "data": "00+sT/2KNNVgcb9QyERuxIm+kGAY/Up1qDRTSMsxlKg="
            }
          }
        }
      },
      "critical_unblock_low": {
        "version": 791,
        "hash": {
          "type": "Buffer",
          "data": "9Mn7RmVT9/cxbzd+OcGeCI5yDspboc7oaz6EESD2eYxjAPHvxwvvcz3zPqxSoe9TDsjAni5IiZnzPwN5tYGZz12iFkuJqFtFc96DdLG2TcwC8RotelJODXJ9dAR67FBJ9hsGJL7j49/NWkohRKgcDhBp9sWhh7gWuM5m6AyUPwc="
        },
        "indexValueMap": {
          "ALE2hYtETM7d4Jm8UR0VBpA7yaS+4+GzwAW/9Z8qzAc=": {
            "valueMac": {
              "type": "Buffer",
              "data": "rsEFUl9MKdSrxVf6FpnDFbpfFjZ+emNFISXcg66/EJQ="
            }
          },
          "AiH1T4hobwhUqlzg1Sl72QiXnDc/uhkE3AnugPB73j0=": {
            "valueMac": {
              "type": "Buffer",
              "data": "m5pLXOSFCpt5mu98BAm4/P2SWMTa5r03HDuEdX+kZME="
            }
          },
          "A3dNHYu6BTxVAWBXSVwZ6qjUv7s+Gd5Nifg7VYMskjA=": {
            "valueMac": {
              "type": "Buffer",
              "data": "ys6h7e2nlrqqzwrP9s4Av0Lu0s3lsY0uEoywqYlYfR8="
            }
          },
          "BA2MIErmKwUZHUWS+VKBZZeo/w2tkCvEQHrrjF7ujBs=": {
            "valueMac": {
              "type": "Buffer",
              "data": "SerW3SpgCDomlKC1ku/KatQl/J3D8jydiAXv6LpU8Fw="
            }
          },
          "BA3xmH/h2HWy8MsWtBEWEp27/lueF/OSIG9xbOhJOOU=": {
            "valueMac": {
              "type": "Buffer",
              "data": "qd4bO5e3OWV9gY5pM0qpmVy/06MTrhxsKWjPqS2zFV8="
            }
          },
          "BSDWEn47uXriTw1MpZtL5RUdMzltR0BIl3+OaLg9qGg=": {
            "valueMac": {
              "type": "Buffer",
              "data": "/eIUxIdAnKIoD+2iRNubKq6VwMOUNmCv0qepipweBzc="
            }
          },
          "BiShpkPfSUe+wb3otc3qZW47DFvU55nTtJG6TlLXBp8=": {
            "valueMac": {
              "type": "Buffer",
              "data": "kRm+7Q3NzO9SkAsmy1d7UMzC8Gthb/7TAoDwxF0KrVc="
            }
          },
          "BlbGOt0YGWIXP2gkjRL2OACthy9mpauEY57XchJkiBc=": {
            "valueMac": {
              "type": "Buffer",
              "data": "VwfVU4NHrIuiEcPzO+ek99uIy3as9ix9lYTXbiC7EcU="
            }
          },
          "BnK6YbtzQpggz8KbJbxCfAS35Y+uNm6EUjy24mMJsn0=": {
            "valueMac": {
              "type": "Buffer",
              "data": "7YLj9qgosjw51XqqjZ0ykjJZwFaYOWwui+wK7TA7EJU="
            }
          },
          "BsbdGOff+Nw9ts6aci2LyTKVyK4DPIqKXgQ8H072Bco=": {
            "valueMac": {
              "type": "Buffer",
              "data": "60HvalSJjQnjUILtUXwfngEju5H6YX4H6jsnV9dXsMI="
            }
          },
          "B816Z9kDpcU6q790oOZI506Hn3KpwFnw0ETlidJmR7k=": {
            "valueMac": {
              "type": "Buffer",
              "data": "vF2g2aZ9tXoT4B3EDq8HM79NNeJz3u9p3sqoI2ulX5Y="
            }
          },
          "CDtC6rsMi6MIhsc1uB8PBjuQPDxwe5GCsKgyQvH21DE=": {
            "valueMac": {
              "type": "Buffer",
              "data": "s4hlujlewDn70h6KZfOwbgv8GgubNl0v8yy6t1qzmKc="
            }
          },
          "CWC8X23djoOJ8oGQPKHylonSTUbgnVmnDCv3ckC9+Ak=": {
            "valueMac": {
              "type": "Buffer",
              "data": "5Rk2TX9ieNrn10F38W3ME6C0t5s6bD8z+N+zhJOmoI4="
            }
          },
          "Cwyupv4+e+EUU1iFEoK6WODg7hZEtVDL4uEdB28pnxg=": {
            "valueMac": {
              "type": "Buffer",
              "data": "UdyYQkXcTexFEFSxwWxu1Y5wk6MXgct2XDI1wuowpE4="
            }
          },
          "C8Y1EfBXiwUhep/myXsyYmMaaoav5A4bQUEZj41NQwM=": {
            "valueMac": {
              "type": "Buffer",
              "data": "f5cUHKK4IvHjRBHtgcPEJOxuOXoqySVQrjAxVL3aYJU="
            }
          },
          "DlWVCVIM3nZGXQpc1it4JRaZhOGFWhFRAb9Z4bZo9Zw=": {
            "valueMac": {
              "type": "Buffer",
              "data": "Fagj4sgvFGcx0mzjq6WAK2bp9rL7ot3sErwD9HYqzGI="
            }
          },
          "DpaLO4BwhqgOzqX9ol+b4v8Pv8zR0zncbBqcGygELao=": {
            "valueMac": {
              "type": "Buffer",
              "data": "ckgPXXUMiXJDCB32ejLmnOToSDOLqdsLD5kN2IUryfg="
            }
          },
          "DusLw7Un1C+n0OTpNUkdd0Qz6SSvpLPl9BLiRB4SGAk=": {
            "valueMac": {
              "type": "Buffer",
              "data": "gNLlYVblhcNS7uciY8LaQLBovOoIw21tg+oiXQm7+Lg="
            }
          },
          "ErBIi6qOUxArXmVkBcSX5tTwC9qKx+VD5Ef0b+8n060=": {
            "valueMac": {
              "type": "Buffer",
              "data": "y3VgUHxG7VfVTg2uCOr8piGwd/rzOqmf1b63YJ+Odmc="
            }
          },
          "FROkTQp+3HzkcDtt9I/+HSS+hCYtFMFv+VJfS8BvnEY=": {
            "valueMac": {
              "type": "Buffer",
              "data": "dC4PHPEEllbBxKrwbbqUEZhwHdUGhObmSE2VhfS6qnQ="
            }
          },
          "FW2mhqRBdKtDRifyohwH2enFYgM9Al/W/4MUees2vwE=": {
            "valueMac": {
              "type": "Buffer",
              "data": "MlJL3RdD6ll66FfozDwbzB+bdEpuACH/bneJb4v2zOw="
            }
          },
          "FhlIjRkWVE8JOPsl0It1iWQ7ErMRCYz64NiE7szEqjI=": {
            "valueMac": {
              "type": "Buffer",
              "data": "rl7h6jRwZIUxDMdwpj6bqwQD3L2BWxn0gRtzsV1aKYE="
            }
          },
          "FiknFcS79LR218I2NHLonMLnHElWzatrp4gsqc5rbBg=": {
            "valueMac": {
              "type": "Buffer",
              "data": "q4/rPj04dPQN+9EnGj9y9XpFls9ICOQJsbSm5QrUJvk="
            }
          },
          "Fo0j+fvH2BngsuvZ1E3EUzELZZsEgYhq3GCqrXMGm28=": {
            "valueMac": {
              "type": "Buffer",
              "data": "HMdm2HjO157xzHJVUh1w/6KIMyEdg2tggxrnnQM13Ls="
            }
          },
          "Fub40AB5OVnh2MbUPdgs8Vl5B6jHZVlsFwnHN3DxcQY=": {
            "valueMac": {
              "type": "Buffer",
              "data": "DY2tvzizfiDMr7BFok7K96hOthKj+EodrJNoaIiu+a4="
            }
          },
          "F3X+TYocq6C8aW8aoyCzbOsMfujiqS/F8f/ySZTYL5Q=": {
            "valueMac": {
              "type": "Buffer",
              "data": "F96DR/qs5127UqgVhW6AhDjt3kBDfn8HVD51VKCCims="
            }
          },
          "F/rQnx7RX2gUtlVxKT7qBz2JO9Ughoyu9CMb6LrSvQw=": {
            "valueMac": {
              "type": "Buffer",
              "data": "SRcwtDJW/dTaGQYY/LfU5YMJmaDiBaQrtPevkj2/7Uc="
            }
          },
          "Gv5mFf5ibzCnSKK2ecz60Tr/ZfdfQF8YcqHb0OFssDA=": {
            "valueMac": {
              "type": "Buffer",
              "data": "lIXKn2GCuD3T3x2FpMqOigm4xyNHE2+kGWaBShYU934="
            }
          },
          "GyIUkGFtljrPfwydl6CMIgDSTSeD+7igvCWbww/gaxU=": {
            "valueMac": {
              "type": "Buffer",
              "data": "+8ujjLqeNP/ZiAprZKi3uKDRZnRZtxc0u/cHOxqiNU0="
            }
          },
          "HDUorFHSv6b0O2WXyDXFGSec5rEeuCakTTw8ylOYM8Y=": {
            "valueMac": {
              "type": "Buffer",
              "data": "J8degkt1u/wTZdmr8+QqTXpQx/pwHN5d/J/dxokjBQU="
            }
          },
          "Hcy8hmr2pgoZNvsHpLvVpJ74Igza8zyE5XVbOK4yZr8=": {
            "valueMac": {
              "type": "Buffer",
              "data": "S5tGSAmr9zoILiZxQ23qnK/E5UijuTFyFedl2pVwzW4="
            }
          },
          "HpV5TzAvtBr5ICjF3X9EmoIP0rFi4FJfcauMZLn02uA=": {
            "valueMac": {
              "type": "Buffer",
              "data": "aUp5s7qgXsjK6wwgI8z/pT7n/yDSqxOUesqw1BLej6g="
            }
          },
          "H5NG0bbV95LRzhgffjvL4Mf4gpeVVYo85VVc+5JCMRQ=": {
            "valueMac": {
              "type": "Buffer",
              "data": "heN3oujX5Bm9iFW2to4THWusyvtCX9M7E4rRyqIUAWc="
            }
          },
          "H9KddDJav659RAnN68KD2Qjxx+mRTSPZC1ph6u2uZGk=": {
            "valueMac": {
              "type": "Buffer",
              "data": "RYmjWmIqiC8VwsCXQSxnxil3+96sULcusqIC7alMUcI="
            }
          },
          "IBZogyJnJurb5LHaHUZdRfyR0l1I9hh0gBP9cmIhqVc=": {
            "valueMac": {
              "type": "Buffer",
              "data": "CRhH/aOXYIfuC35KBU0pUWvRAdwP4DNH83YcNvfwqto="
            }
          },
          "IK3BNPtggqEu9NLGqaTUj4IhfHnfUxxU9H7m95++ESs=": {
            "valueMac": {
              "type": "Buffer",
              "data": "r8cK6Cqn/CcwGpYIpugHhaEezp1A0ND6rFlA9dTUfTA="
            }
          },
          "IMLyq3xltt84CD27BvHX3oacl/4di7xQNxLVYkofvak=": {
            "valueMac": {
              "type": "Buffer",
              "data": "iPJ3sfxxfwUcUrtDbA1g50HbVHdQ8xukgnft2/cnBPs="
            }
          },
          "IN1iqgv45tLwsNI4m1By0et10F8mfZ65EH/j5gHgPJA=": {
            "valueMac": {
              "type": "Buffer",
              "data": "cV4C3yhM2pkyHh9QAMyGk9ZPSrUCvoBuG7hFQ7w6Jhs="
            }
          },
          "IoHZpqswGL7Li/KIZYTrJiDB7sO71tvmv2X8TTHCrW8=": {
            "valueMac": {
              "type": "Buffer",
              "data": "iFIxScWYPtWWWv7h/3sb/K+f6Fw+Nsmj3kNmLC8ay78="
            }
          },
          "Ix0w/CvLin/x6DgJpZAXj90EV7+WwG2pHfenfCAMPfk=": {
            "valueMac": {
              "type": "Buffer",
              "data": "hCyRVygJTg5RT/uEqzXS7h9tSV+IZytOfS+DXLcJcUM="
            }
          },
          "I2HOGyzsEPe99tobE3MxPOOWiVhbvj5tE8u97GmotM4=": {
            "valueMac": {
              "type": "Buffer",
              "data": "m6mtvRoIQxCzUr45wBMPttyPZZumiuqZXP1BO/L8Wt4="
            }
          },
          "I20JfYfKSXBYlXt7BISCew7nuuR+4rMXrez/TIe96uU=": {
            "valueMac": {
              "type": "Buffer",
              "data": "kCIPrIIcmFk0gkYxR7bI+sUr1Ze0H+4+k3NL7WU8Hb8="
            }
          },
          "KOJddrX6of3oKITYjtzR2DLQnweZrs7LGbWIWNpwIWY=": {
            "valueMac": {
              "type": "Buffer",
              "data": "CpwYZ6krSHNrHcdZryI3j+wud7n5qBFys+JrQ+QyEiw="
            }
          },
          "KVToxNPfPqSZKbqpOCpPSHH2hBW8X0bzGrbeUQ3DiyA=": {
            "valueMac": {
              "type": "Buffer",
              "data": "xAZuz5gtXJhzYSjCA5hWugRT5E/K0cqHbgPQjr258OQ="
            }
          },
          "KZpZyImBGu8lcS4dKJ4QKKbWs1PodfJJsWMOB87hfpk=": {
            "valueMac": {
              "type": "Buffer",
              "data": "StnFZs97JX6jTGBBff+UTzf0z+TPRlmW2rfKxfHSt+k="
            }
          },
          "KZx03H3H3Ln/cQWsw3idzSzsANNNLKDFx+1MVNebh0c=": {
            "valueMac": {
              "type": "Buffer",
              "data": "2+W6SIYUYjs1XU52P3BBm52H7rHhRkF91Q8Ey2C+1KE="
            }
          },
          "Kdy12K4caXG8hsb7PojC7tepPb3Qx7h2AZJ+Svu8hfI=": {
            "valueMac": {
              "type": "Buffer",
              "data": "YdqM8a2imP3VgN0r+e80cNa+x2j7yoWjfrIVIZ7QJyw="
            }
          },
          "K+jb2rw8ZVjYKzRY43diG+Xj890nyby6z8ZmO0nzsFU=": {
            "valueMac": {
              "type": "Buffer",
              "data": "hviMgHe74NZoCO4R/tf7G/njEazwuUJL01DB0mSBfRw="
            }
          },
          "LETkdt6g2zAAV/AZ8MW1E+PWxJpdhYqNdeMUnOvkvDE=": {
            "valueMac": {
              "type": "Buffer",
              "data": "sBFx26iECx1iwoGiK7v4KtHV1kaclCp3j2f3zywgZNM="
            }
          },
          "LPuyC6u05UOZehaW1FUHSz+aouFnr0DO/mAlgCMsx6g=": {
            "valueMac": {
              "type": "Buffer",
              "data": "MGzjFI+Hwl52bqA3MLtIpnCxRxQBpV/vs9p+RwiZNJg="
            }
          },
          "LQBhn4lVoadQ3ZW+Z+UUp8ugRNug/aurpWTT/pI/c+A=": {
            "valueMac": {
              "type": "Buffer",
              "data": "t1uXrZh9jxt4hEG33TgQeareEqaQvJP9Y4Xd1do/rPI="
            }
          },
          "LZPNsRhbneU3hbF40A0is+pa7ZEAOKshsULGKcdLXzo=": {
            "valueMac": {
              "type": "Buffer",
              "data": "BQnOzNxhDzxaFsA7YdgIXNvwx0OE7QfIso7Ql/O2EFk="
            }
          },
          "LiZFpBI38ytPGiT72EPMkYZe4jsSrk1RLhM2CYUzmDg=": {
            "valueMac": {
              "type": "Buffer",
              "data": "KuA/2+it1QShiFzQAqBeFZzE3LGAuzswPwF7WPkdxiI="
            }
          },
          "LyFyTWDHixRQFePZbFExR19/8x8CzgoZyNQFeKCU1KA=": {
            "valueMac": {
              "type": "Buffer",
              "data": "6y5JE+hWqQ8jcpG8+GQImMKCUqrZ5yIq8Luq8OPOSu0="
            }
          },
          "L2al/aNbliJQidr9CpVCW5B3z9mrvuGI0mW8XvzyJXM=": {
            "valueMac": {
              "type": "Buffer",
              "data": "Ea7jg0KFGgNZurxulshykOOmmP4umnStGp5wEuZNK1w="
            }
          },
          "MKTTXO+91rb/q1MVi+YTckpkb8b5PD0DKwKlxLNJ3JA=": {
            "valueMac": {
              "type": "Buffer",
              "data": "n+Y86vxWIlREXueNfAC0RojgyzHEoqtox8irryto8JY="
            }
          },
          "ML05CG/s0/pDcr91QzxJEtl94fMR1ecrDXH7y8mhdLI=": {
            "valueMac": {
              "type": "Buffer",
              "data": "WyNTAdr/u2xFoJb4X1z9s64YmBUjuH27s5WkYjHeVZw="
            }
          },
          "MZLxZL5HwQMIr2DxWB2n/OY4zfWVYjGrDTziKFkyJgA=": {
            "valueMac": {
              "type": "Buffer",
              "data": "hY349lj7n81kUA3U801zTrRIocTB9wLYTU1G9uf2m1g="
            }
          },
          "MkkDUfOJmDz15vbpraR4S2QEatJCQkiy9k/lcsyAjtA=": {
            "valueMac": {
              "type": "Buffer",
              "data": "lPiH+wAcXd/eUae7SoNvAwav+MoDJyMPtPAgsJaeU5Y="
            }
          },
          "NOPErJ433/JA4XrqLhOlsCJyZZZF4mCgURvdSp+hnEg=": {
            "valueMac": {
              "type": "Buffer",
              "data": "746MYL6DskwJJEF2/nAEARhpR1GaxYE9QfW5yYVL5kA="
            }
          },
          "Nl/Cp9osMt9bGFsmQ78mtywPznY65hKLCxoQNGsJF4I=": {
            "valueMac": {
              "type": "Buffer",
              "data": "EYVsHluihgGVJ7xgp/TUTTY4nYpZE0KPQ/Ex3QfWqy4="
            }
          },
          "N7WuVR2cabhZbyMnn58UI4X97T+kqrPKfTPHnKHQops=": {
            "valueMac": {
              "type": "Buffer",
              "data": "DaFZDpQzjCnYy8y0tbS3BM1FeCK5ib6KDxIwwzTbyCc="
            }
          },
          "OP0EYLXqURg56UBHYWeNB9bzpoNpunOPqdQEmpjsnN0=": {
            "valueMac": {
              "type": "Buffer",
              "data": "rCFck2TXKH1pQFIoFC0Hus/1lZep1zh1rv7NUpWNERE="
            }
          },
          "OQzbiHiYMeg+iOKgUhAUu+i6Eatw1/NhNcPhqJIxfXA=": {
            "valueMac": {
              "type": "Buffer",
              "data": "p9rqoyr+MQnBAEWKLBV+yT5qpsDlsom1LiX8WvigFrM="
            }
          },
          "Oc4irZG/qGmOqOzWqrHZ/AR/HnQ41q1XA2AE3gh4EmY=": {
            "valueMac": {
              "type": "Buffer",
              "data": "F16b6stpcJzPw4OO2gTFLOUDjKXOB/GuaFbMpcsKGPc="
            }
          },
          "Ogc30cYJJiqkjDaIPQCCwzkXPeJe/AkhXvAB4lEkT3M=": {
            "valueMac": {
              "type": "Buffer",
              "data": "GTbCHQiwvHp/5zS6JnfcZiq7QLHum/DounFeppeEHMo="
            }
          },
          "On7Lx7QlXgG9Wsml7J3D6LT3nl2T5pWYU72GxcU12uY=": {
            "valueMac": {
              "type": "Buffer",
              "data": "n+zMhzJuBl2XDlztmENJIzHvgbbnYWL8eStlnODuq6I="
            }
          },
          "O57xRO9Ywjfqjjjo6fffCa3ICxRPQ7hC5hUiV0Gk2Ps=": {
            "valueMac": {
              "type": "Buffer",
              "data": "joSsYxvoiKl9NpXvse1Y0Q4AWxqLXkmXcWKcmmyfRFI="
            }
          },
          "O6CnMiyf5El255aqlbU10rqIrJ61k+BmlejEphF5UdU=": {
            "valueMac": {
              "type": "Buffer",
              "data": "uM0nk9oji26GChKNZgHGFhOxxZHo1S245FQbjIvgKZ4="
            }
          },
          "PD3lCoqiQPy1DivLxwGS5fPmUrA6lapG10em7FvVsS4=": {
            "valueMac": {
              "type": "Buffer",
              "data": "PLjIigcXaVXHaLKf/ExH2PaDjSFR0d5m0EFL2luNBpY="
            }
          },
          "PIF9jXv9E0lR2+p5kuBxY9XJx4/QzjHToiv6qBoQIX8=": {
            "valueMac": {
              "type": "Buffer",
              "data": "DPlPrzGhlCEbXBnwA2q/tFwasvmVA6WAApG1k8cqCqc="
            }
          },
          "PIMU4yUBeEE6X4oP07aO3b3uCphWl17g+IGd5tkftAE=": {
            "valueMac": {
              "type": "Buffer",
              "data": "4XaE6TEXpP7/KsHhx8gbNLJlOr43KCAdfVxWeUr/peY="
            }
          },
          "PLM5mu1oJcJG3wp07X2fS2LbRnvNvM4BPHVQTDY6CMk=": {
            "valueMac": {
              "type": "Buffer",
              "data": "OS69qslNe12pe+mOuQo1j1RIh2iknH3zh9+vcbtEtb8="
            }
          },
          "PYFJpKiucX2HzajnmOh+Eu8RvoZBuz2aE55I0cj5hZM=": {
            "valueMac": {
              "type": "Buffer",
              "data": "msHd0y8wbnijNRSE38AE5ro3vH++PpGEMP7jIs8Lobw="
            }
          },
          "PerVK4QrtygxJg11O354za6Q+sxygukotvfN4VGanHc=": {
            "valueMac": {
              "type": "Buffer",
              "data": "X8F+2vSj0/YJMLASTmL/n85t+rHSy+Maz/gNjKYWKdo="
            }
          },
          "P1wSScYO733u8IzrsLc4woRoBagDhVMh7zlWnBcE+W0=": {
            "valueMac": {
              "type": "Buffer",
              "data": "6iPKE5RoUyfR3TzbGp/qkWxzPgXRUC8GoH5iN1ebAEU="
            }
          },
          "P9eM4ODRP369gkk281jYRMHd52ECRHoeI7i98Fnk5vM=": {
            "valueMac": {
              "type": "Buffer",
              "data": "4QmzKiaK0yll1QPaUYVT+2MJC2UfJtbUDdK/BmMFUng="
            }
          },
          "P+iI14ciBJNAqHxuyfEnaQXzVLviT8ZTmVCBp+pIS1E=": {
            "valueMac": {
              "type": "Buffer",
              "data": "Es3BVtkDJYOnydqFW7IFKW/ybgo7C7QbDpXVRc6t+aE="
            }
          },
          "QF1ow0xAV0vnF8xYCO4zZQ5oroGLphEFTcjG6qcvv3s=": {
            "valueMac": {
              "type": "Buffer",
              "data": "pcq+HQamWWT80wDWHeoKb30oUzitlTC+88Uc+sO0k6Q="
            }
          },
          "QmOIVZPo8OV2m8SZ17rdb4oQUvq85xZ0R9mVS/WwsX4=": {
            "valueMac": {
              "type": "Buffer",
              "data": "DE0KPQSO6ZwSXFDgPCj8DebhkJRvrqqejUFyrTAqg2k="
            }
          },
          "QqsOd9dBRuLdZH7/x3Z1R4UqAWf7e1SmO/BIy5LkXGk=": {
            "valueMac": {
              "type": "Buffer",
              "data": "nGhvP3jCHQiL1ShKXNqqIGWop9+OcsXBEzVi3CoVF0I="
            }
          },
          "Q6Rku3VrCj070lO8RJceb3OeJtIT4hM4YSyPgS8ciQc=": {
            "valueMac": {
              "type": "Buffer",
              "data": "5+/5fn4T4bZe9+vS5iztL6Hy3tiNlSrRoOdmR9KQPQc="
            }
          },
          "RDKxpWgJdNjBPK0RUCBf5jJOiUZxWtk760Ol0H2MA3o=": {
            "valueMac": {
              "type": "Buffer",
              "data": "+FJ2YTYK+MKns8YQjEjstmF88SlWp2zv9nz0O3FUaB0="
            }
          },
          "RQx03xGaayj8s1Jlk11c0r+zWYV6y3wYjk4NZSbdC6o=": {
            "valueMac": {
              "type": "Buffer",
              "data": "0luLHBo/3kC/cfU6IXCtcmCQO8NfV3FDRWUhktCx4vE="
            }
          },
          "RR6PXwjuOA2HXrNU8WWC4wl0MOMSCIM2StiN789Sc9Y=": {
            "valueMac": {
              "type": "Buffer",
              "data": "dzAqpyZd3vmUOP3/8ktNkyu/FhPvMMKsXazUs31QgZQ="
            }
          },
          "RYLbMPA+9qa57nOMgbES16AGFqaxRRLkPNHkffpmVfU=": {
            "valueMac": {
              "type": "Buffer",
              "data": "v7O97uS0RJ/Vk5HJAfZH0/Ab6MCtuhD2xnIxT09AqPA="
            }
          },
          "SC5SEKiUue1SlaZPRGNwGAUj622IvM8R3YPQSyOcfbc=": {
            "valueMac": {
              "type": "Buffer",
              "data": "BV26a4UUM6G0bkCh5t3BOH1Cr63f5vCscYggd4GtaR4="
            }
          },
          "SGVFrx/DbOw5/GcYXPiCxWpOxcO1saATuxkeH6dw6EM=": {
            "valueMac": {
              "type": "Buffer",
              "data": "J2hvOOyxRegvgb3rAY/H/hA7Md+7cJ9lLL7ewqYyYhk="
            }
          },
          "SKgIt7yQPMpjE9hzFZUTWtGK75HTt0PH/KgC1GzFxzI=": {
            "valueMac": {
              "type": "Buffer",
              "data": "K/DwOS4ZwP/px7H1+0lliQROGFNPPMSp+RjDCh75o/Y="
            }
          },
          "SLwGoMzGNRtapRvQxh2RI3ebOGqlFKhuGXxrKw3EDGg=": {
            "valueMac": {
              "type": "Buffer",
              "data": "wSoJOoePRtTINRbauIWqE1++bdRKQOgtycNhegvLo3I="
            }
          },
          "Scw11eWFcJHIHZ2E5sSr2xg3hFol2BFShITdu+8eBVA=": {
            "valueMac": {
              "type": "Buffer",
              "data": "PUop/Wjer27FlYpYZF0jpuPsqKUJML8TJFQVj0vJCg8="
            }
          },
          "SuOoRz3QB2yUKR9N4g9W7xG+J40VcB0C/tRHdbN9mF0=": {
            "valueMac": {
              "type": "Buffer",
              "data": "xD8xX59rmiQSfOP/bHmWOVtX+e9KuXkTHhtQl49HzmE="
            }
          },
          "S7hHZtxUXtU7iOk7Eus75HQr2mkfI5/+h4gQm9C3bZo=": {
            "valueMac": {
              "type": "Buffer",
              "data": "vROrw9j+R3MINsy1uoygjvPRo1LahB32gMdMUTAldEQ="
            }
          },
          "THcWGRYoH0kuNYTYkNSVzoqZ8ALvsZhtMh9kuC1L5GU=": {
            "valueMac": {
              "type": "Buffer",
              "data": "POt8HpAbmubwpptTc45SaInuWbLrqOmMZOV5htbAiIM="
            }
          },
          "TP+SMOOmX9SPOE22GhxZWT0gJx4Nb175mfTzPVTf4lg=": {
            "valueMac": {
              "type": "Buffer",
              "data": "Gq8RLz7tKQ4FVfGO3IjmRoni1BUZX5FG4KMOGKeqnko="
            }
          },
          "TS3hYXNzleVJosgMaw1l81V/ve79kGDjcg4dt427r3E=": {
            "valueMac": {
              "type": "Buffer",
              "data": "gfU+Ppu9Yuy2c7eyhdhEUdGpc6ZFhssqa7PVYzehmwU="
            }
          },
          "TX3Mzlf2+Xp+Zk1X4UN0MrZsA1702x1BoJeQSnffW9I=": {
            "valueMac": {
              "type": "Buffer",
              "data": "j12kUQmdsPDxY8gQx0PPOneKXNtjd/zkfOWRIhnbZMQ="
            }
          },
          "TcOK9Kwn0lwRcyUw1OVX/X8zWq+1/69+I4afrbMaOjA=": {
            "valueMac": {
              "type": "Buffer",
              "data": "DVVSA/LfudyR1c6PBnoIW/YcjnPnL6NM3rAZSe/M+WA="
            }
          },
          "TlHYVvAO/fY5j1w3xjALQT8NxeHsaSLu83vkZhZ97i0=": {
            "valueMac": {
              "type": "Buffer",
              "data": "saWcr4bNlBQbdsdJ8fVqvAhRzKwa9nxjLHdZOonTu9U="
            }
          },
          "Tqj5mGTqWxNMpI5+anexIJp2+my8JCHNMV4/mbCPNQ8=": {
            "valueMac": {
              "type": "Buffer",
              "data": "u12BPVlVoZFsigUZhwsaZuQWDKuvy2gNk55YqallvVc="
            }
          },
          "TqpAkgY61JsLBLtgT056l+bCIJRPJI0lH6p3knpgLyY=": {
            "valueMac": {
              "type": "Buffer",
              "data": "9SJYmLFADbtpH23tbEanB4qmUuJFh6Y7W5YyMMTtRsg="
            }
          },
          "T4mB8cdvc5TMQxmTIrXhSehSfCnrnateuKWqoAwY+3g=": {
            "valueMac": {
              "type": "Buffer",
              "data": "/yps4xHUGVAplO/H/qeiEBKvLq+uAchtO9gT1Ym9QZ4="
            }
          },
          "UIF0GLwomBQbB2VwR8+TQlAeNwnTll+chyeQCpoMKDc=": {
            "valueMac": {
              "type": "Buffer",
              "data": "pdtizWjEYuJZXb68GOt+pgqy4PB42HJekq9wkNWJyZY="
            }
          },
          "UNWWJrWybgDAZlXla9hH0doSv7sC7LxqhuOaWzLFYgc=": {
            "valueMac": {
              "type": "Buffer",
              "data": "uGg0l4bb03cVlF4Imw2FSFr4vYiHbFTagEr5y/fMPGc="
            }
          },
          "USUbqNYUzFTdlKhCkD7Rw5Jh+rZ0jD/JKv0gQnlNg6A=": {
            "valueMac": {
              "type": "Buffer",
              "data": "3JwXJBLlsnj+zhmLYJwi1CHzJmTQZXMm6P34YmxUmLE="
            }
          },
          "UrgQRhS3tofquu9kdmDuCGt2eoXq7Z9bhfxvrIsHt44=": {
            "valueMac": {
              "type": "Buffer",
              "data": "D6VHqfaizi9fxrw869mFKa508bqrikmbDOrBpuKwV28="
            }
          },
          "Us17R47NmDIRkTd1Z54MqFyq3rJF4cbpN7q5ciMx5rs=": {
            "valueMac": {
              "type": "Buffer",
              "data": "NVh03TrypokiI6LSDQIN6gW9b+vUVDDN3BCsxr2h7mw="
            }
          },
          "VF28Zd5Y+5k2i8pllgSUytg+mYWAB7U6X5oU9gXhRjs=": {
            "valueMac": {
              "type": "Buffer",
              "data": "FdmXtUqvdEgw0uu39ssIA9ZunthZILK8amF+G68UeHg="
            }
          },
          "VJXr2M1vJJsSv9jr5NmU4CUThBoC0t2kZZWZDvS8/Y4=": {
            "valueMac": {
              "type": "Buffer",
              "data": "egGn+UstP6m54C20J7nw0h676/7QeNFcwhO0rK/3dsk="
            }
          },
          "VX3jwrS3QL9NIZvF3DHSfD6QiGcuVuW9doe8xFy+XAo=": {
            "valueMac": {
              "type": "Buffer",
              "data": "79XNbSJho+NHm1t/SWSRiLyiR6VeyPLgAocQzHLJJEI="
            }
          },
          "Vqmnj8Av4aYvreH1M3sDAjXx2GpiZY6Xuv/Ke97c1T8=": {
            "valueMac": {
              "type": "Buffer",
              "data": "GIH1r6u5nMMbnzbIRXMKQ8oubt331iNda5Fz4pD4YZo="
            }
          },
          "WlQdyhgp0CVO745ks+uP9ojDgKA3W+lR1gmj4W5MoCk=": {
            "valueMac": {
              "type": "Buffer",
              "data": "0GChHVqU/NJSaKl3WYhn/N4FEh9RWnNzYV7f75axduA="
            }
          },
          "WpAliJb+2uj1Y8J9F/k/l48A3p+LIMNxpRgFQDC2AzQ=": {
            "valueMac": {
              "type": "Buffer",
              "data": "0clvWXJbRw2P/scoTCjq/e6N8TmsIwTTcgZ21wzhNcE="
            }
          },
          "WsXjFD0RMo3Eu5Sb0Eh4zQ+K7TchSjqvn6wBAxs9fS4=": {
            "valueMac": {
              "type": "Buffer",
              "data": "B5PPUZoYo9z1xW1DUk0ms/copogjZo//EGTXfk5DxC8="
            }
          },
          "W5HGS+adjl93d6YeA8+3ZRILNijvLq32VboIov6eqI0=": {
            "valueMac": {
              "type": "Buffer",
              "data": "8e4JEmqbe2PRJ1eeL0tfi5zstk5kFUx8Ue7MaX4bwzM="
            }
          },
          "X2aQLZb9baPwZuGdkjqEl7VUlH/8SuD5lx0XIeR0BLw=": {
            "valueMac": {
              "type": "Buffer",
              "data": "ssPwuTlz/R3fXo/Nkttt0FJTLaYlwTZqY5AXOqd1kec="
            }
          },
          "X6LIwXj8OjQm3a9nNVgYm6oXuVaQW5B3b+H6g7sHpoA=": {
            "valueMac": {
              "type": "Buffer",
              "data": "8KkFI0UukaliMNdsS5r5lhtsj2kKpdotwqB+dwv/Xiw="
            }
          },
          "YAbZ7ip+HUG0XSMSjhym76TC1YgK+pA0vuMRLNehOkA=": {
            "valueMac": {
              "type": "Buffer",
              "data": "UKJYTKr3F15cDnDOCGsn+vgGcv5L/VQApBrRWnixRws="
            }
          },
          "YFqZQRJlfNzoGI9yS4Hz6xmKOA5HaqaJBMG+BwQ0UL8=": {
            "valueMac": {
              "type": "Buffer",
              "data": "jKd40cI+7CUVXA82LZLSwkMCNPW3Fdf+RPZDZJ+KEic="
            }
          },
          "YI2H5Re1AW1OIwE7AxV/aM4RpIea+p+ncCSFj/qtsIk=": {
            "valueMac": {
              "type": "Buffer",
              "data": "bfivmNecncURinl6QpeYyvoBeHENFw1ZcJ+YBGgsQio="
            }
          },
          "ZX52DaRR9gC+rDP2hrGcT+reayIO952atCPVij1rVJw=": {
            "valueMac": {
              "type": "Buffer",
              "data": "l086mpqRRsPfBN/dF3rKT6MK3PkMXBSOPRHNbuMK8RQ="
            }
          },
          "ZcK/pl2XPC77DQrh/0id35O7/Aa7hCUjhU8ClfJtnzc=": {
            "valueMac": {
              "type": "Buffer",
              "data": "9N/I0EtU+Tiv31xiAGjt8tOvg7HipBEaJRTN7yB2vt8="
            }
          },
          "Zdfe9AOJmU47JB66C2UoeSTOzQCGseBF/fZyZWdtd/M=": {
            "valueMac": {
              "type": "Buffer",
              "data": "KNwUd7q7feL2Wd5bjUsocCw6PGtgYn3Pr/Di6Ylx+0I="
            }
          },
          "ZmAS7JcXdYbZfiLA3enC5/QYJ53gA//MceIDvalMQd0=": {
            "valueMac": {
              "type": "Buffer",
              "data": "qfCAhQhFRU5S2IzxgSXL94RR9CQxJJN2tCBHpyVi3ko="
            }
          },
          "aILf5ULB9l1CQEfQONpYlr1/Dzg7rUrSwDGQRFRifts=": {
            "valueMac": {
              "type": "Buffer",
              "data": "bl18HnViLKrjYO/J7K4YW+9L6jhq6n1stlORywylzFw="
            }
          },
          "asyHsThvl4e1xs3YXhPiwLtG1MMv+iYtjByXb3BwZvo=": {
            "valueMac": {
              "type": "Buffer",
              "data": "ctViwD0VZUgV7bfuV0ckcpwrFxBX8VhkhWGwxgj4h64="
            }
          },
          "bDDmDzIkqAGx8Jzn989Y/On6gkceMaMKuq2wuu1Jlxk=": {
            "valueMac": {
              "type": "Buffer",
              "data": "F4CbRHzUnUCG1hD2IG7pFkBb4Hqakx29hIST3iNbSlE="
            }
          },
          "bJft4C4Y8W9/wqvT6A8V9l05lPWnRIPD44/2yycrMDc=": {
            "valueMac": {
              "type": "Buffer",
              "data": "BDri8DR0Z9v8hZ9e6M9OfcKcUDUk94HwapblgoBpUoo="
            }
          },
          "bX3mbjV5QJYvXrnYmqKJ92IMHY5BmPYuy5t8FItBQSg=": {
            "valueMac": {
              "type": "Buffer",
              "data": "VqUHCRVIgoRB9KTufggYkz9UZqG1M/LLitUVfyPJwpM="
            }
          },
          "bm4n+l28kXJzvWbelxyZK2rozm5V+shKF+lONopYY2Y=": {
            "valueMac": {
              "type": "Buffer",
              "data": "xwrmgolRekj/rljsPF9Oa5UOjFHEdSKf6aFQdtoxeQE="
            }
          },
          "buQqWSEA/DMhamxRRjjpXlGU10Ad5NpA+XYHD6qJOUM=": {
            "valueMac": {
              "type": "Buffer",
              "data": "qTeAw7KN5/TUdGq/SdTq2DdkFxV5IbdNz031pg1oVAQ="
            }
          },
          "cH1Grg6tTZMZql3bCSdAGqqmiOFOaeSHO9zwgEOw6ms=": {
            "valueMac": {
              "type": "Buffer",
              "data": "POnaDHJQC36PzJ1qPt1rKiM0SKURK4OyOow8i0HR0/I="
            }
          },
          "cPZRf2+FfAxOHXw7Lm50sFZMC2uTriNPLhUUnfhM2a0=": {
            "valueMac": {
              "type": "Buffer",
              "data": "yYw8yo1XGQPLLT6YTHXz2clMph5Xi618MyZ+DqxkeCk="
            }
          },
          "caEI135dZopsGZ/aNunYAGpCI9r6Bu/DP6wHL49ky6o=": {
            "valueMac": {
              "type": "Buffer",
              "data": "ItKDjfznQJZigY5PfiljB1BJH2p/06x0Ghsf/Y8xiDQ="
            }
          },
          "cocMLFXcLyE3sluKgUWz9/qDadI41DwncL5h51QtsVA=": {
            "valueMac": {
              "type": "Buffer",
              "data": "3QOWJLrljJ8CtW7E1f+hI+fGhX+D5FsVKCcBQ40NwmQ="
            }
          },
          "ctdRKiGcvqiZasdUNiC7+8Qjx64s0laQAC0ytEwnuxU=": {
            "valueMac": {
              "type": "Buffer",
              "data": "5SPLWOU1QBGwoAlkovU9+RRYkR7zK/4XFhHhvBNG0HU="
            }
          },
          "cuAcY9EiWBnLYILUocVdGULDzhnUjTQMA3rG3e7MVzE=": {
            "valueMac": {
              "type": "Buffer",
              "data": "QS8J5TXfikJpz18ajyCgKZ68UMZkuhAS/GPBA+AnckU="
            }
          },
          "dKvrdl00uIhGqXtx6377qkvRlLQkaBEgvtawka+ihJ0=": {
            "valueMac": {
              "type": "Buffer",
              "data": "XUOEB1ue4mhQmKNHTkEx6sslMjd030jaBWUpFd5zrA0="
            }
          },
          "dyQ446MNsco+jYo/8FgqngqjvOih3D3aKj/agFmk5hQ=": {
            "valueMac": {
              "type": "Buffer",
              "data": "sankLnM3dVvQSjGJmws9oxzRYeweyN2Puj7hpyMQJk4="
            }
          },
          "d0YMFJRJ1zSSyZ7ky/H4up8GQprO9wOYPB5j/XqBDIY=": {
            "valueMac": {
              "type": "Buffer",
              "data": "kLXWnUzrWIqMl65AnRAyRASL6uKrHZA/DbTcGXnuZV0="
            }
          },
          "d2iDdMwAiqUvAS3kC3iHKI72D4HGpoV7kcdnKxkRKAc=": {
            "valueMac": {
              "type": "Buffer",
              "data": "9Mgpq07fNMnGGJ0U2rhWe12lGg3h7HKImaNGz9YJbCc="
            }
          },
          "d4bkF8kzv+9xHmSsLyw2hyOK14S8TeM6zeKEN/wBQ5w=": {
            "valueMac": {
              "type": "Buffer",
              "data": "SwrRSfcjcXHlyxaUdWgEtBdLNJgp/M8hUydfn9ifahg="
            }
          },
          "eHyws1kyiga3c3rB1iyxJAK1jvCQUQa8RJ7CUC+LQK4=": {
            "valueMac": {
              "type": "Buffer",
              "data": "ZtXdYl9j2zomLpnJO9ebWjKjA1YDolOolPusoPi2O38="
            }
          },
          "emTvyba596ZC3AkTRjuKYmqiZeuHL7t4bIKX2yix4BQ=": {
            "valueMac": {
              "type": "Buffer",
              "data": "cA/stn7uB/5f38YSbtDXCYjuxU7uMFU4ZicKsJhxt+U="
            }
          },
          "eo5d2EdTFuAkpuzcuSHD9igTaeEWHuEN+kz7J/xNXgs=": {
            "valueMac": {
              "type": "Buffer",
              "data": "zkUp2SmbTlk7uRcsQarAom4X2kyfVwRWFU4+/Bdw3uM="
            }
          },
          "e8rTzLjFRtR4cNxD3XtKbcDyZXhof16NYU5niFbrA48=": {
            "valueMac": {
              "type": "Buffer",
              "data": "NbhFbuJaRpTHXeg7QMrLneuBFKwpReM7kzOdvfQ/p0g="
            }
          },
          "fxKJfE6gsrtGM1rHPw7liUuwmTQkiGZhsbdiSJlizBs=": {
            "valueMac": {
              "type": "Buffer",
              "data": "TBNFjBrBVfkyQtk8Jf4JnJVBJWYuI98Trp4awY945s4="
            }
          },
          "f5gPgvwtmB+fFxa086spN7h2BZTgrUWG22o7Prc7JQY=": {
            "valueMac": {
              "type": "Buffer",
              "data": "TtpBUsEpOBgPQr3v5g7ISf98BmsaJV/nGQlCXl+skX4="
            }
          },
          "f9lDGquJQhFQ7YByf9gJCTvXUcdw91+kdQL3GaAt/nw=": {
            "valueMac": {
              "type": "Buffer",
              "data": "d+LafSyG0tCo9p959qgD67PMWHSmbI8aYGofOein30Q="
            }
          },
          "f9rYXuAuu9LkQBKc/ZL4mN3Ee/onEydhisGoTjOmnFM=": {
            "valueMac": {
              "type": "Buffer",
              "data": "NZLTLo40v38DBn2FEjTQrEOvOxJj3qXhedO4SV5KoFM="
            }
          },
          "gAQMSWngzVxu2+E9+Xz4tyj4bYnSj73a8gxoSQquQGg=": {
            "valueMac": {
              "type": "Buffer",
              "data": "p2F3yNSyvcSYc360NakPyRlwQ5bjoY7dyDOEmx1GYIQ="
            }
          },
          "gJTn3rQgww3vYUMW4H0WDK04kk1JqWGryPptlSuajZY=": {
            "valueMac": {
              "type": "Buffer",
              "data": "dIE39YiFY77dlOv4zYY/1jXpFan2r7wA2MeFCGFidXI="
            }
          },
          "gaYLSZIAJwKZ5nn8iyzkVXMeOvfOVNAO5cQdueV9XxE=": {
            "valueMac": {
              "type": "Buffer",
              "data": "MT8JF0rJ190lsVJ44GRQ5jhjkeCxboQAHG03bV79dEQ="
            }
          },
          "g3el+S04oQetTrc2J7vI3Dwh5sqZLhjTZYkuHqdZmfU=": {
            "valueMac": {
              "type": "Buffer",
              "data": "8Ck6xs/OdwYBiBw/hhj4WpXeHVVxvKd7sadvBT2qDkQ="
            }
          },
          "hFumveGCjyK5014Of+f4Tc9qDbaWVVAJ6kIMZ+H0ykA=": {
            "valueMac": {
              "type": "Buffer",
              "data": "6AwWrcE/BQCET8McgCGdgk6FzPtltP6sysPvTGOG5Cg="
            }
          },
          "hUv/4QOay+fFEgAc0G8kjUNtqWM+KSiQ5Q94L4WjeVI=": {
            "valueMac": {
              "type": "Buffer",
              "data": "t/wkikfv8PYWF7eG/8NA4YgFNgAegwy75uUlo0kmEJw="
            }
          },
          "hnjHFZf8/ojyP7ZTP5Fu2luz5eml95Wh4peCAG16p2c=": {
            "valueMac": {
              "type": "Buffer",
              "data": "Ym0/bmTdQNm9yg9KodCsaUV54NBW/BMuCHoQVa4BiAA="
            }
          },
          "h70JY/gvXDhdJeywH+Zc8t04wAWi1MVw+pES5/GQ/Uk=": {
            "valueMac": {
              "type": "Buffer",
              "data": "N6Ib/dWxZXT8AlVW1o+Bkx/PvkrHjI3HRxoD+3Qj6Sg="
            }
          },
          "iOqsS4ESvUAf5X6LS4RMSvceTiPYakBVQ/UVnpsjwyQ=": {
            "valueMac": {
              "type": "Buffer",
              "data": "e/gsVjOxkK3HCTEi0jsORvXqn4vWzcaFyL49rcgjqJk="
            }
          },
          "itXyN8YlqcSt2Uvc61F2/JwHEDW8Boiv6N6MDn1PrDU=": {
            "valueMac": {
              "type": "Buffer",
              "data": "Vw5NGX5wjJihnLYf2Y3DQ++l2BZqhoWJyAaUHmA6Ac0="
            }
          },
          "i7HfAfkD5cBvPcGNHeUJ6gwNBfDdBOh5MBvXNWGauuw=": {
            "valueMac": {
              "type": "Buffer",
              "data": "BTHYUW2vs2HHYClIjKUbkoTw07MIVnktRWo9B0zQ9OI="
            }
          },
          "jdzfKwoVxJ99ne7M2BuecqoZahNisYTwVr6uvtQ4ERw=": {
            "valueMac": {
              "type": "Buffer",
              "data": "Jtw6tDSiwzD37ROfWtdNEFO7k5WLvjP0N0vMMW0gzUc="
            }
          },
          "jo4LFsaYdBYHfJ3hPRRw4a2x0HSjWxhtXinhzvIy82c=": {
            "valueMac": {
              "type": "Buffer",
              "data": "oYK/h0NxasLX+rLgdN/aAWmT8RLdjf2ozfFuGbyS2NI="
            }
          },
          "j/sNHEjtkUZxYSr9jjBZXeqkpTP0zd4LiUFQ4So6nhg=": {
            "valueMac": {
              "type": "Buffer",
              "data": "GKPSHD5dzdkIW/bJ2H71aUQkORev68a/2sk+0bKoylM="
            }
          },
          "kUDHsC3c2E5NxZcwhuvFZpUEH5vL/XvCB6MycWJKNx4=": {
            "valueMac": {
              "type": "Buffer",
              "data": "WSwXDuxVd+bwH3Hahj5JZO9FdaZdb2XOL5eZPvQnhtE="
            }
          },
          "kVrUu2rs4XmpgY5gEX/T0LBtf4RvPNMJ+GzZUWplbSk=": {
            "valueMac": {
              "type": "Buffer",
              "data": "p5UjrKmLYcD1Uk2AZc6awK3A9wTU9M8DrBReMjonP+Y="
            }
          },
          "kXmE/kb9dFagG8DJLJmQx6CdOwsgBtY6tQ9vner43DQ=": {
            "valueMac": {
              "type": "Buffer",
              "data": "D5/T4S3f/Q22QmCty2C8Hx+cK11QC3jbmptgCUIqwyo="
            }
          },
          "kX/3oU5UNzE7V7JFPNMgdtgRAaFuUrR0GwLfJL0/gm8=": {
            "valueMac": {
              "type": "Buffer",
              "data": "o3pD6PKpewq+inlfTeNyAgK/pBNe5EJ7wJNTJ8l3Zh8="
            }
          },
          "kzII7rM5pHMZlx6XYhwsAfQwwn+wkDf7/9jLgL1+b/Y=": {
            "valueMac": {
              "type": "Buffer",
              "data": "k0+obr0BFVeFhv46iEkkOD6PWRQyzc+o5elKPpqo0tU="
            }
          },
          "k0t6j5wfbQr7Tk324pCYBtbwt3QHNnf8zkYjJLi3Ipk=": {
            "valueMac": {
              "type": "Buffer",
              "data": "vRHjm36FFhCQmAx7msfErnjI9y8SKnqKCMTULJ8b6Ls="
            }
          },
          "lKpfF1ux+Di5N5UqnpkeeTGKbu1JyBN2lL9Fq8r74tw=": {
            "valueMac": {
              "type": "Buffer",
              "data": "CDFyaXB9MrUk624VhlXXgS+/XOv86x8Piv+C4mQvI74="
            }
          },
          "lPBcW2PP6L13+gGbpH2j0OAnpJtYYcpT3SQqK9uDa6Q=": {
            "valueMac": {
              "type": "Buffer",
              "data": "X5YICbpY8jqliyavlbUw0NHlqeFB6CeFPten/AE90Hc="
            }
          },
          "lP/6hUOZbrZkM3CoRV1XPiFGCOTLwGMLCOJM/+LLwOM=": {
            "valueMac": {
              "type": "Buffer",
              "data": "emoJ/1vr3W5AXFAM/Nf8Bgp2NLLDlX9nQVTDl9fgtUQ="
            }
          },
          "lXdmlpfrei3xF86n5LGapwma47ibSrbCwYUwuSAo8r4=": {
            "valueMac": {
              "type": "Buffer",
              "data": "qC1ClcHVlKs0PXhUZ1XzAMJx//GTdQYkqk/ZWgRJzTs="
            }
          },
          "lfvXNwY45kV2EjfUyQG2s8w/MBFewWWTqZo/BVtyGQ8=": {
            "valueMac": {
              "type": "Buffer",
              "data": "JxZDq5DQatVdb60o865Ce7qiAcMhfGjeSV9mYjw62Ds="
            }
          },
          "l5AA8DKXa9vxRMCdzQVHhmW6e+R8MRcCN66J8lpJARc=": {
            "valueMac": {
              "type": "Buffer",
              "data": "4jbW59CDVSkgnRzI4bQvhcNdbGYnhGDd9jT0+R4oHHM="
            }
          },
          "l6vBqeQCTMow2J+g8Qsqv7hErFRr3E94NdTKPphFffA=": {
            "valueMac": {
              "type": "Buffer",
              "data": "rx4UAbUIvTL+VDEIpufhqw3Ld8Umre8UPWp3mHhq1gA="
            }
          },
          "l8E+bDXUargWIw1sjINBvMM30BP1+AVtoww5Cn2HJM0=": {
            "valueMac": {
              "type": "Buffer",
              "data": "OGsVVanRz0j23HQkGd6x12L+yK7FNK22q+j1rG1953Y="
            }
          },
          "l/oW7UuURfIfOzuJT/dYQ/BoIdVodckCZuz6obZxFIY=": {
            "valueMac": {
              "type": "Buffer",
              "data": "2/WL5FIz1ewxSUpB3S2b5R71ogUp1+wFp8aLxgRbBv4="
            }
          },
          "mCLfIeuOiQq/Npr7+KDjS1xZIZQv8mE93vM+v0/Bgfk=": {
            "valueMac": {
              "type": "Buffer",
              "data": "fFFFq9khMK70BOXTvDA3ZJD3bGktN0dDwk9Pa+S+nCY="
            }
          },
          "mEQ2enoMgN7UnZYUfyF4jrBUgzVaFKyFzhOx1z7oyKo=": {
            "valueMac": {
              "type": "Buffer",
              "data": "mv/npl69UDVOmKdTk455TRXT16fz16i7/suGTtCthq8="
            }
          },
          "mGnlkdczM3wnDeC+HOFB0HR6OFSlnWYqBJhe62RfBzs=": {
            "valueMac": {
              "type": "Buffer",
              "data": "T/CvoFem81Qpt9oO5DRHjreB22GQeANjEoYsITfXtSU="
            }
          },
          "mjk5jlxkCRyE3BevGY0KXkSs/rKt5em8DHOi3prHx8k=": {
            "valueMac": {
              "type": "Buffer",
              "data": "4pDnpi2mbI+ZkFy8Vn2mgY/n9j5bkcm+cSVzLsZa6kU="
            }
          },
          "mkGThzdy9BbtxuopvbY29ChOLhWB5EU8YVU60Z+XtsM=": {
            "valueMac": {
              "type": "Buffer",
              "data": "8Mutnr65kGChx29tLv8Uiip85kyfYbmbKBe6yToGXEY="
            }
          },
          "m3xJiO6Fdm4O5ym3/4WJ+2Uutm6PdGT+AuMatrwXrxQ=": {
            "valueMac": {
              "type": "Buffer",
              "data": "NQAiYPDM0NYEeXkSHRU1dfLfOZ3yKYVOEOiGdxokMYs="
            }
          },
          "m47JvpDDbzIYpagpxvuwnodM+EKK/qXffuZeoqsS3KU=": {
            "valueMac": {
              "type": "Buffer",
              "data": "Fd++s+IaSL+KyqOAF/1k4yF1lXqdexkI6pDTsG90egg="
            }
          },
          "m7UccQJG6DV5ylUQPREviN4fdwpXla45Ju2MAD4Do9k=": {
            "valueMac": {
              "type": "Buffer",
              "data": "FnxPgwvWuTpFWibYINRY9jkwx3yr3BiuHL3NqwuzItM="
            }
          },
          "nAwU3ay3/vV3Hi9jaIvVVSE06VQBb6gLh9hwo8YefOg=": {
            "valueMac": {
              "type": "Buffer",
              "data": "5RVAJAtQQJuGbe5KqkDtoYfk7vEwlLjF1MsWcbaWps4="
            }
          },
          "n96JKPu+dvPt+XlQO+tOHc6oaK3RReEewxSlITQuDtc=": {
            "valueMac": {
              "type": "Buffer",
              "data": "IsP5s9X1xXN43cVr9rZB/mVz7E4JpXmUuaXPwXjw1NI="
            }
          },
          "oOyelbfDVk0hYJYaeAnLEIUUARczlsUAp2J6L/ULlHc=": {
            "valueMac": {
              "type": "Buffer",
              "data": "5kCTWluw8ioJZi5iWhWSOnhISNXfCiORVcX5hWJCchA="
            }
          },
          "ocjYbCXOic/hO9x3zmWhbMH6//4COkLwUTF/ULa7jGY=": {
            "valueMac": {
              "type": "Buffer",
              "data": "6vhFRrB3vCzpNm+2bKO5gIsD/fpksPXqqwNBdpfU9EQ="
            }
          },
          "pGyDhG/g2Q1vN619rNrMcYsCzbKDdcKaCVOc88Q6OJ4=": {
            "valueMac": {
              "type": "Buffer",
              "data": "DpUKIhUpBZsgadmBkbajeRFAkEOsG29s3lbFoKEE/PA="
            }
          },
          "pShJgykZ2K3DhvJtylOdtXp50iNkIXPnz7p/tHdxcxk=": {
            "valueMac": {
              "type": "Buffer",
              "data": "gO0crJu3bHxLmChg/PGHgxUCrDwwoX9UDvwm8vrC8rg="
            }
          },
          "pWwMsP3D1AiosUt1PkYXCdwjVLYgzGxOsGliuFK+aT8=": {
            "valueMac": {
              "type": "Buffer",
              "data": "RkUS5MXulNiQPbPbJb3j8oJuRhMxxsBzuPxyooILtuM="
            }
          },
          "puVBYt5lmAtBcoivLdv/Qm0miu3D9s5GwWF3+FXZTpI=": {
            "valueMac": {
              "type": "Buffer",
              "data": "WJgs8PdH3W9n0v0aOb0JSuvPn+mjaXSY7XTKHT1WAKM="
            }
          },
          "p/XGJ5ZIrWgoM3uj2AQ6Hu98fP+7WW7QWWCIOeAsyTg=": {
            "valueMac": {
              "type": "Buffer",
              "data": "Q4F4cwuqTKKKTdwH3cg87KgdocfKLEAAZ4jWQ8TvIjI="
            }
          },
          "qUuKvCd2vOEyJjRgVgic2K/wztSQOPoSrD6J1p5zO64=": {
            "valueMac": {
              "type": "Buffer",
              "data": "dfKO45qzabWKnxwqugLB1CaeeJQOnJIDBP1gQmyEVEc="
            }
          },
          "qUxTd+zSl17E9CaWI4xokKA+xnkPYvz1LGG4OWOaGxU=": {
            "valueMac": {
              "type": "Buffer",
              "data": "dBahdh4IaZ1NainofenUGuLeLz+u/8pub4Ozj0okoRg="
            }
          },
          "q8Q8xGUM1o5ZVqIsjas24/8hh4upHxfmbAtDXiJp8LI=": {
            "valueMac": {
              "type": "Buffer",
              "data": "JPXJJKmNeD+jf6YrCgehUwgCH76aJ8I+s1EGAYF9Cno="
            }
          },
          "rWtH1qZekRfUEbbyOGltflp+9R59kF0xgV30fmtOGtk=": {
            "valueMac": {
              "type": "Buffer",
              "data": "iIP0ytk19pa/j4ASFfW+Itbm11+DRaInurkrmGPtk1Q="
            }
          },
          "rZC6XuF6GTFvfoZI5TbuKQycnUeDPsNuvmLwqYyvp/c=": {
            "valueMac": {
              "type": "Buffer",
              "data": "rni4TcLHAi2kwHmMe4DkqGjM8U73jqwovqxDXAEntfg="
            }
          },
          "r6RM62h4UaQMBvkoQY5+0wdDcixpPDJqZtzLDgGE3gM=": {
            "valueMac": {
              "type": "Buffer",
              "data": "gFcbLpcQ840FhfRhri1dYiwAriBLDlp0cWxAqYjxDZ0="
            }
          },
          "r8ENsdQ4XZF9eXAPQ5x7+uudoBjgtPGkozoZD3qmBEc=": {
            "valueMac": {
              "type": "Buffer",
              "data": "qnG1DrAfZoNIi7HaGvLk0W+68fTRJpc0+W0D8t43zdA="
            }
          },
          "sJL6DUbJwUn2+AP2s+40oxrBnukNTSx8LaoPbjs0YZg=": {
            "valueMac": {
              "type": "Buffer",
              "data": "4nG0/+jxqlgcqv7RvVYHDpy3+nst8Rlw6MJTCKQU9rA="
            }
          },
          "saMo62wLq40M52h+QK7j/lw8wzXK4GVj80UqCjlH5NM=": {
            "valueMac": {
              "type": "Buffer",
              "data": "EfValVcKsEMO69OcN/bmJrGGBGH2gAJcjQ/mPSc68qU="
            }
          },
          "sdPvsE4/ypmhZlLLHS0oI9fDH2gvfNLQgqR1fPULaZg=": {
            "valueMac": {
              "type": "Buffer",
              "data": "kQYCa+hE1m9h/Sk7AJqE1dcpP4gdM2kV+oPKUOi4aj8="
            }
          },
          "s1hLAPljBPvaeN5ZU8kPZGzBrsQ7nIChMCzsbmEcItM=": {
            "valueMac": {
              "type": "Buffer",
              "data": "Tkm24J6SDquQt8VhYGrlS3ylV7dIt7njN2R5MqOUzsQ="
            }
          },
          "t9adu/QNdnEry2u0qOTP1M92tVjE/SSn5pn78HHToQ4=": {
            "valueMac": {
              "type": "Buffer",
              "data": "SjgL+KocJAWwPEpIU8VAjX8hBgqx8tp4fK/cz/R6ma4="
            }
          },
          "uAckmFum4kedptLSNhKcBfkpRTEUNisYpumXsmwGdO4=": {
            "valueMac": {
              "type": "Buffer",
              "data": "9CLuiiiB/tpmaidgOL1hwO1nQzNqgh8r9SeQfnq5b14="
            }
          },
          "uOtTWyET9LxtSnvPZ4b45mfy298pONmh68nrUpjqJaw=": {
            "valueMac": {
              "type": "Buffer",
              "data": "qyUj4dGikx85ZpWSHm9lUhiq1M7iWF6DQYVr/IuXq1E="
            }
          },
          "uSSsjFkyzvnkRQLnjeVzw2Y8yLSG5oq42xetZaKrmP0=": {
            "valueMac": {
              "type": "Buffer",
              "data": "Mt+L5Hcc3OgBlw0ZNBaK4ennS0ugYMoNkzJtjKWli8c="
            }
          },
          "uwdAQjhKJzo2CSGr0mutSJRYJLBwUyiYRV2EeN9VI+8=": {
            "valueMac": {
              "type": "Buffer",
              "data": "zTI5UIX17Bo/l1d9HEfbPtwIsd9M+S0w9FP2JnZJKgg="
            }
          },
          "u8EkX2z1ugVORdq+X0B9WM5uyHOAGH1dTFiYSkTcCok=": {
            "valueMac": {
              "type": "Buffer",
              "data": "+tHQm2rTZlf4/vfCPLF82MWKZC8DL04i7yQ3ferhSf4="
            }
          },
          "vFsEXVhZOjyyD+kCpfc/mdN2tuA5qG9KL7cqgWpGgAs=": {
            "valueMac": {
              "type": "Buffer",
              "data": "vmIKBAfW9x16EYBZzPs6JOWeWw6bZ97rXXkSiAhmeCU="
            }
          },
          "vLqSwJJPaVUBtoyyRdk8blpNjRM8aGx7OFulf+eT/kE=": {
            "valueMac": {
              "type": "Buffer",
              "data": "sdfvFIt1B8DmlqReZr/vDWQ3AvjwiTq0wUIMTCzRiz8="
            }
          },
          "vQG1mOhq9yWADGOLmHygy4UkSHBIyYfGy0jcGvTyK9Q=": {
            "valueMac": {
              "type": "Buffer",
              "data": "asGyCr/JL5qKvU+a6IWT3ejTefmyuYXfdcrWsLoEVpw="
            }
          },
          "vwh10PljXQrTX0UYr1HEVlAjVCtF7NPfzQQvyIc8uIU=": {
            "valueMac": {
              "type": "Buffer",
              "data": "V4VYjK7+XFZk6bmGp383E0W5QeN8VLakU1pThU+UolU="
            }
          },
          "vzr2K2sGaEvp6qVhAzmymoDoDxZV5mCSJqetRgH6P10=": {
            "valueMac": {
              "type": "Buffer",
              "data": "gAq92nILB7ptfLm6ZbjnSTaHwrlGTKauyre2arfeZ2c="
            }
          },
          "wJ8NKLPZ/by3TO0IZAFc00uc9sIFVJHn7g2eRabB+Nc=": {
            "valueMac": {
              "type": "Buffer",
              "data": "uFkqMgCHrV4P8sx19XLg+ow+dKJpZi+lyIYmDi7ICT8="
            }
          },
          "w67aXFH80op8Re/XtHJu/ELDEpjmYBduXAGH6t8ZPEo=": {
            "valueMac": {
              "type": "Buffer",
              "data": "8Sj/gzeLwl92GKfQLMnf5VQ1mwGyVps9qHci8Wo/o9U="
            }
          },
          "xBleWzoUfGFriXZ0WVFFmX56SYjwdzPWcEt2MR+F3hU=": {
            "valueMac": {
              "type": "Buffer",
              "data": "j53xCgrhEcw21a5wgaYFhHe4Rx8vrMaKkpfQZ3XwAQg="
            }
          },
          "xexi1siBldCVaPNP5unPyUaK8H45ibZFGkMnROSKnwU=": {
            "valueMac": {
              "type": "Buffer",
              "data": "+8fmroD08xCT+G2f2BJ2W2r8HZyb9HW6GOuNWibs0g4="
            }
          },
          "x3J+O30rmQNtXyRnnvxkQJG2fgsb7rZ0umNnDoYlKQ0=": {
            "valueMac": {
              "type": "Buffer",
              "data": "uOkDSIQSTo9Clhj5aRXX+a2THl8omQVqT1eYC2NBt8g="
            }
          },
          "x/3lRXIeI4Gj8kbI9O3l+E2U6gdi0MRC3ITnJ2liP4w=": {
            "valueMac": {
              "type": "Buffer",
              "data": "sxUZzHN6FN1+6YGPjRHg5f5PxVlO2Uvk9SMmIYAEHTU="
            }
          },
          "yZcNeeEsLCq4WADNTqpGpfkVV16YgIVQYYtn+F/IFqI=": {
            "valueMac": {
              "type": "Buffer",
              "data": "+mwvl+tnVXE/SUn9HmvpUXc/r1zgSUGrTiutkmPSWG4="
            }
          },
          "yrpvFvjrdArg1EOPIZsD0Gb37sMcVpcTbevp1K8Z0YE=": {
            "valueMac": {
              "type": "Buffer",
              "data": "iYUuYhbB2FUxfm7mv+Xcpmg124mO0dQxTD73zKhh3nk="
            }
          },
          "yryPky7AICQajzZjCJLOaNG67MXUNCJxmtr21v/2gN4=": {
            "valueMac": {
              "type": "Buffer",
              "data": "y29kIVTKF4qsroID9zLEEVZ2OHKXHSY7hKnMflAKGyI="
            }
          },
          "yudxRCi/CG0OtWu7Te19AbYYunsX8nelaUYcC8gtJ3s=": {
            "valueMac": {
              "type": "Buffer",
              "data": "2Gfx9UcEwQaPulTkJzJprbk5wMxIzehSX7YYkk9+nDo="
            }
          },
          "ywMxfgQILGs3SF3IWxGpf6qskxznnnPSyvIaeWi3RW0=": {
            "valueMac": {
              "type": "Buffer",
              "data": "v0GsxWGqZo1JG9LlIF2TbkL8LNTfVDveF/bIYy1a3wM="
            }
          },
          "y6jt0x/X/hNrsEYXvh55A7mk9Hs0RfDff7ASeY06fa0=": {
            "valueMac": {
              "type": "Buffer",
              "data": "5XgUEhvGzZFwiUtpdPFblvEU4tO0GhqX2zEfFd/2EwU="
            }
          },
          "zO0u+2O/QwztSFZXtfNFZGY6BXoK65c/RvGzOq/JxrA=": {
            "valueMac": {
              "type": "Buffer",
              "data": "BC5VkQQVzHRI+WqQvKCWss4K1OUPaZpT7c5HRpiqTGE="
            }
          },
          "zSkUhLtRsC76YMId5Y6iPQEOsX2k2jCDUsDQYmBRxVE=": {
            "valueMac": {
              "type": "Buffer",
              "data": "A3L2JBq8ZJCQ547+kf0aFs5dRiW9IYApGoT5/X2Bsfs="
            }
          },
          "z6JyGJ8Lu3//p2iGXsbHmmo9/hu9GlN4PS8HuJfdkhw=": {
            "valueMac": {
              "type": "Buffer",
              "data": "xQC4heAerMrSrOjYdcPe6Zcrvg7sSwhXOH/rvWkObeU="
            }
          },
          "0D3Ypcu9U+Hu+NOa9hu5FtoxMykCTEgiI7t2zlM4MeU=": {
            "valueMac": {
              "type": "Buffer",
              "data": "85vktdux8brdKdP3vMD9DMNQm9mtpSFLuPLHZ3sK08Y="
            }
          },
          "0MjiyM88eS931oglXY/s59KKHtVXixLMvwD+kaqpU1M=": {
            "valueMac": {
              "type": "Buffer",
              "data": "DbYDAPJG+2yQglCzUc18rl0f0Qb/NGJotDIEntIk6RA="
            }
          },
          "0OioRpV408OyIu0mudHRrY9cCXQZf9gDmbMHPZDnY6U=": {
            "valueMac": {
              "type": "Buffer",
              "data": "GeduF7cWNaGTb8/M+Yeq326+AA1a2VfXq/kdgSAbI4Q="
            }
          },
          "0Xk5tAX2NYmTxDPx5vgfzoyuyWg1uMFKd4gEsmMQPH0=": {
            "valueMac": {
              "type": "Buffer",
              "data": "US0xV47DXS9M4GnS18XtqE4uBoVVOZI7u4qqV6IFxQw="
            }
          },
          "0ner2BUCbcgJqUPquERCbCH6lAnaP44IKNDRlCxXXsI=": {
            "valueMac": {
              "type": "Buffer",
              "data": "hEOZi9Agwqy5asVYGeIlxtsTAT5+MiB4u0Vt8RHkjiA="
            }
          },
          "0ooNTQluPed9nqUkRjPZTMw8Fij7jRiTcZyHrEblEew=": {
            "valueMac": {
              "type": "Buffer",
              "data": "9jrU/cbaQhlESBXDZuh6+pnUDG2PFzxBOgn987QqRXI="
            }
          },
          "0twtjWf9OCB4zdFp0Ef9SKEznhXMJblkeUmQyNPpsc4=": {
            "valueMac": {
              "type": "Buffer",
              "data": "0H5Q0wvul8HuGSlkWIxu4BGtYmK8W8/+6zIZW1S/E4g="
            }
          },
          "03MQT1owF4EoU6Xc5y75LKR3y4KhYoarLGMCjv6pzT4=": {
            "valueMac": {
              "type": "Buffer",
              "data": "N2z54ZH6k6Gs5s9lSlkpCkhy2+Og0lMigv9APWxT4/c="
            }
          },
          "1Eeonimpu4L0q49At2+Ai6AZCfKwwIJZnTIMY5aVw0Y=": {
            "valueMac": {
              "type": "Buffer",
              "data": "XfN5x5uFMu2Rw8D1J6MoZXxCeAwrhzpFUjRjutbwG0s="
            }
          },
          "1EtSHcGWINmhiOMCN6GlI9QRLYkISKmlqctMaHSFSWY=": {
            "valueMac": {
              "type": "Buffer",
              "data": "wR5VnoIlpObyDfVzVAxrfT0IUV9xI6rUHXMu8SojDVo="
            }
          },
          "1FMx9lc6sd6zh8gpHSocvZbZrcs6OlyY40QwpB+R2/0=": {
            "valueMac": {
              "type": "Buffer",
              "data": "K20Zo3zb9QXHg9PxWXO2H9HL/PSDD+sUs+zNQ5qlq/M="
            }
          },
          "1fZiO42xSJumhasz7fzTIwzByEumIy43jdhVLEv3mBw=": {
            "valueMac": {
              "type": "Buffer",
              "data": "+yjgvUeoQyvAzkYY3xTS4Awv8xdRCBws18yAk8tn3ZM="
            }
          },
          "24sV59ign9eoNT5vWyObwv1ZE5RpcNIy+Z7Gd+WC4gQ=": {
            "valueMac": {
              "type": "Buffer",
              "data": "NiUlTWWNWz9KqzJLOfY7p66Nu83LT3H7VZ7k8RORJZ0="
            }
          },
          "3HdJ+XeGVJLy/P6EneN2ItDivkCll6Y6HVgp9XXJxSs=": {
            "valueMac": {
              "type": "Buffer",
              "data": "4vYkO0GwSFtuxggHBR2yeQ/Tsg3u2xpZVnOcpQKk+9Q="
            }
          },
          "3YeKkZEnPbgQL42NnQmZ6hvD4gTbSHXffAwDTDLfgDs=": {
            "valueMac": {
              "type": "Buffer",
              "data": "dhBxiDOgiK7BqPW1hN9u1055W/ytqtf/mTEMYyDkq4A="
            }
          },
          "3k2hSYtGkChOAlbe6/FaJr6abP28tdP8Ykrj5qW7AdQ=": {
            "valueMac": {
              "type": "Buffer",
              "data": "RcIDAHahvuktfTD63xUDk1yvNY0bCUkqwzsh+PCPbdU="
            }
          },
          "31flbzwI/DoBXi9JLetRIRiojDJO3AV4gbWVKOKVOO0=": {
            "valueMac": {
              "type": "Buffer",
              "data": "zXBiqLnRrqO2++Sqy/BkwxdTpeFWz8OOY6aRufpwhvs="
            }
          },
          "3/Kpc6qb+8cqBi0N6FAZdsSEeSeWRKGx6inC/0R9IRQ=": {
            "valueMac": {
              "type": "Buffer",
              "data": "fridZUbQplDBGhY1q+/fjuKKjdMQfwlcTzJ5NI/IY7c="
            }
          },
          "4FYqkdhSnUGMGNAa7ecG0Wrry8NNnp2ajGkfdi7toTE=": {
            "valueMac": {
              "type": "Buffer",
              "data": "Phqzida9RK7HRquGQZx3UbuD3I63/vz7ifiGwl6mK1M="
            }
          },
          "4XDiLZ3bWXTmzkt3BuhzyagrcWfupNnwwRMSHKh6tnE=": {
            "valueMac": {
              "type": "Buffer",
              "data": "wGMnGqv1pOoFsxrAKUsckvKBrCcIMfXXhjKPbZH2VgU="
            }
          },
          "4aLIydDIs5id0Ecgi7KVO32+KS1ReB/K19h6KXbEVkM=": {
            "valueMac": {
              "type": "Buffer",
              "data": "XhZe9FaSHCDdqtnQT7aCvHjrtptiWkCEdKutDiJOpXE="
            }
          },
          "4imoCNQPw4dt7d4Wg+B/ADPnzwOlFaHuIJkZMFl1uDs=": {
            "valueMac": {
              "type": "Buffer",
              "data": "quVvSJCZv9YyzdkMqGmJ9u6jh5RwH4eog785T35mRF8="
            }
          },
          "4lhzShz6v4FLTL38O9vZDaTfGvoztbX+GczfxsMrswk=": {
            "valueMac": {
              "type": "Buffer",
              "data": "4EwgRTAsI7UvbVpha/9MbeF3MwO48KFH3LkXw+z/Cik="
            }
          },
          "4oYfS25+UI48iiNRy1fjtxWxNUEX0BleyVV1GpRX8kY=": {
            "valueMac": {
              "type": "Buffer",
              "data": "leRwdpeqQ9yLQ4rdss8fIoQdXhf/+FkaFWAyiLkoK8U="
            }
          },
          "41H00gg0R+MPju5dEveg8HtT459GOnUOXKHbQXF0XKE=": {
            "valueMac": {
              "type": "Buffer",
              "data": "T1pO3LghYieRjjREFTjbe9o/n2YbvSSt3nVA6ET7t2A="
            }
          },
          "42xgakG0OdA3jo3eFY6fVL3RwdwmxTy8o0Wyhs14VoI=": {
            "valueMac": {
              "type": "Buffer",
              "data": "7GzQN97rpVHzdWThp+JuG4rXf0y+CAr/bi4ezpmrjio="
            }
          },
          "46Oi0QA72sH9mI3rf+Ws8VqDZ1H4JHoAh2tFzQamKl8=": {
            "valueMac": {
              "type": "Buffer",
              "data": "pyoq13hT5Yfovy9DVlUWaapbUpGXf9RyMObZY/f3oJk="
            }
          },
          "489DMBlsidY5Xvx83Uuofx0Y4LVm/zk3BLYJypeOLSI=": {
            "valueMac": {
              "type": "Buffer",
              "data": "9MOgw9Fhsd28SlCqYx4vB9NvkYsocC8PCFQ0r8eaYxQ="
            }
          },
          "5G0VwkK3EkfyvSqhHAhRPC4V1ik+Iz4Wo/s9CRQEzbc=": {
            "valueMac": {
              "type": "Buffer",
              "data": "O/LkuDPlI7UcfFG8EB0yG//vapVKpg3iHG/XajW4ot8="
            }
          },
          "5gPa3XqV1Sv4QwMgs1PB0rYnmaYvwSiAmmX+PjVVE2o=": {
            "valueMac": {
              "type": "Buffer",
              "data": "1mIEMlqRtMsZEpM2u7MlGaBZf349Wzcqp/6IODvaHE4="
            }
          },
          "50ULNCAeNICH07FGu59b0rTLJU+Ig0o3KQ7fUkfeCYI=": {
            "valueMac": {
              "type": "Buffer",
              "data": "EWFUGeQy5jvhBh5szEGKhLILnz0PAF5slhDrvpRI6UY="
            }
          },
          "52KWMH9yWFUZ5yU21ZFXbGWkO+lHY0OuUFRHLyt4RRQ=": {
            "valueMac": {
              "type": "Buffer",
              "data": "2OTyrjp5BqAAKLc3IzMvWES8eyQ5ts7pW2MIDAW3r9k="
            }
          },
          "6kTizE/9/Bnf6KLyfAvjo6oomqvwMz+We1qidpZFnhA=": {
            "valueMac": {
              "type": "Buffer",
              "data": "uYeyhXx0/gCIvVCIlZGrQhBLI0X7LgoGj/mDDZtmbdU="
            }
          },
          "6yqdnnz8bCeHYA5OnfoVx+HOtZPC6tz4JiMDe2gk8H0=": {
            "valueMac": {
              "type": "Buffer",
              "data": "y/iPxtTyWvnUYoHanHcDv49wd/8xRnhuqGw69747rE0="
            }
          },
          "66XdVx0RuQOS6F3VH3HIU88gBF4o++ATuGpcEBhrjes=": {
            "valueMac": {
              "type": "Buffer",
              "data": "hRkPst3njAcGFaWdTY7tTTSpKyd1Wkh+NHcaKcR8jhs="
            }
          },
          "7iUOsWXX6hUmzlxmVHymgCwKLqGCblfSCV3hi597QbM=": {
            "valueMac": {
              "type": "Buffer",
              "data": "Ru/JNFqfNdUcdwtJAp7fHCXHXq06dCKEX55wghhPZ/k="
            }
          },
          "7vRR6E0u5TIMoSgJG7SAg4sTXOUtm2lgqnD/oq0rs1s=": {
            "valueMac": {
              "type": "Buffer",
              "data": "OB97azW/13K57JbEgcpOfZAO+aHji0wF4akzaTuaV3I="
            }
          },
          "8B4iAc4NDxt6oSZ/sIDdLPKnuyWu3zrR8PNDsqVyuPM=": {
            "valueMac": {
              "type": "Buffer",
              "data": "UTLD5mSgBh7L5VK9D3bPMz1FlOpmxp/f5l2I+ZBrsoo="
            }
          },
          "8STI9y6Qoi7nPHYSpsLNe/bU0gZ0JOh5p3KlZkx762A=": {
            "valueMac": {
              "type": "Buffer",
              "data": "thSnKksfrqeIFkrz56dpjG4iNUZHr/bYcKgi4XHgqVY="
            }
          },
          "8TjuWRYtHvDSNKRiXSsBrOk4tmDHGxyjgjs8CX9/yPY=": {
            "valueMac": {
              "type": "Buffer",
              "data": "0NmMET9L6dw9TBN8FldlTsgWqpodwAbk/pMgi6TqpVk="
            }
          },
          "8rTr5yxMANNo0hoAeBJ0cMCURYSLkmyHsER9/Uus6Jo=": {
            "valueMac": {
              "type": "Buffer",
              "data": "XtpVJNfNuj2xBI9qlRfcxeV3sGd/J2apotr+HJy4wr4="
            }
          },
          "9aoOBHQqd+/C5T78wiqUYizy/7W/p1t/+hFlkVEmN7Y=": {
            "valueMac": {
              "type": "Buffer",
              "data": "FAaVW0SGohqLjxjKSPRJS0+tXf20gL6CXAoJnkKCMSw="
            }
          },
          "9nkWND4M1TsmoBNNMyXvbg/QJ4nCvxxsWqvkecxuLEw=": {
            "valueMac": {
              "type": "Buffer",
              "data": "bfcRTe33HCxlXrOZNY0UfB/RU6yP2Bmkh9dlqMZJM1I="
            }
          },
          "+DIkd48b3sx5bLeMl5xOyBmSiu8nhOuRJjZc9/bzeGs=": {
            "valueMac": {
              "type": "Buffer",
              "data": "SVrP9u03dUVan4/O1CKAK/W5BRKnlEMWa0cugBfwfmU="
            }
          },
          "+LMhKm5AwUJ99G61Vz2/V/0w/WBRbxAs7le+zDknsRM=": {
            "valueMac": {
              "type": "Buffer",
              "data": "0tUbDFNJSchmyVLhQ3bwQ4PqoKlArSqKxJSSO+F2gho="
            }
          },
          "+pk8YcsC7hmJ0sJ5dZFJKi17TWyAGVtMpVVhrBv/WT0=": {
            "valueMac": {
              "type": "Buffer",
              "data": "GIJfL1sykt7NtA1EdEXopQmZrfYww3KNgKeAQaWiJCk="
            }
          },
          "+rD1L7/EIaOg6EAdRRwyGVjxf3vjYgVJylVlPT7B5ko=": {
            "valueMac": {
              "type": "Buffer",
              "data": "mDwi5HxqraDSzFoVM9TLMJJoNILgL0RIcyPiBSLy2Js="
            }
          },
          "+ruyZLbf2d/7o327t2HyKksO5VMrMd3j4SDua6To+cg=": {
            "valueMac": {
              "type": "Buffer",
              "data": "WEV7UDVsGP5AcpA+1FkzL2WYVcepgx0aSq8faTa32Qk="
            }
          },
          "+4C89HQPGLRcYd+LpLJXJE+bWKhycvy4vxPxgz+OVXo=": {
            "valueMac": {
              "type": "Buffer",
              "data": "nKIvVV2+vqet9m6yA89DVFpNwvOMxkThNhPd3fovhlk="
            }
          },
          "+/r8EQC78uSqfxYmYf2VV2q6a7+vtpuTNMteW9J5oIM=": {
            "valueMac": {
              "type": "Buffer",
              "data": "/ICREIyVEcUeUDxwv3ZV4N2H8TnKmPzIgj5UnpVdRB0="
            }
          },
          "/nnhgSLzirvy/u4G6SPlNbatxa87Zn5ks/m4QfnovTM=": {
            "valueMac": {
              "type": "Buffer",
              "data": "tn9C0wBoragx938Gh9OQUWkQCTvfVhjnC1DYrQKsVeQ="
            }
          },
          "/3omT3ooEVneqzUv2K0QNBEImZ337uRt1tRmpSCxXLA=": {
            "valueMac": {
              "type": "Buffer",
              "data": "CKHMdYZweexTl7P5Gyo3Xcd9YhIJHKqNUIOOaYGE0q4="
            }
          },
          "RbgjJAthBIXRX078BlmpmgrDJAgbVUH7oti+lumA3q4=": {
            "valueMac": {
              "type": "Buffer",
              "data": "BxAK+vE/d9YBSeHkxOYQrbWvI4Z6YaSTT5vWOFvf+a8="
            }
          },
          "DpWP+KtLA6Dq8tqOVbbIfvC7cuS994Q0c1JMLW8119U=": {
            "valueMac": {
              "type": "Buffer",
              "data": "8QM+TSkRs2xVewIYkwT2f248VQy3eifoqpwZjHhNF08="
            }
          },
          "SIGCaMXvLR2JZIH3VYOHSCBrQ3fyt6mk3Zb5cmwf5zI=": {
            "valueMac": {
              "type": "Buffer",
              "data": "iGw9Vvj0T3lfX1eF2YPV7DdnI2qQwnfIogdw4mrUmO4="
            }
          },
          "5hoUDkwNz0hO7sUFpZ/k6m7WQYYL+ZM0j0qjMAS9SV0=": {
            "valueMac": {
              "type": "Buffer",
              "data": "x9OlIHNRTsB+xjoESZavwNyI6Z8pyspWnGtuu/Ilz0I="
            }
          },
          "xjwHNfcZEuLXGtDzSVaTEEBnNOoXRT8rW1yOq7k7LQo=": {
            "valueMac": {
              "type": "Buffer",
              "data": "gZGPIPAei7gEcAK9Q9SaPN6isANfVg+31JHe1aN6fMs="
            }
          },
          "a8vHHXb7uM71U+Va+TmCkDrP+rlliwnlYGMVAzjknqA=": {
            "valueMac": {
              "type": "Buffer",
              "data": "DEZM0UDFO7sJ0m43p5+xCNrbD2/D+lPaYyZYE2K9akA="
            }
          },
          "G2UIQiZ/QvUWPOEyP46HYFk2e1UOpF5bxwwC+e9roqQ=": {
            "valueMac": {
              "type": "Buffer",
              "data": "Ud/jc9man8KlxpFKA2fYu00EJVD7RkrEU+0EZigVW3A="
            }
          },
          "dLH1UaKZpFNmLk4JdUxfB4eatEwSxJLNlbFrAjr9++4=": {
            "valueMac": {
              "type": "Buffer",
              "data": "hDLBNNFfR1tU9y17ClwchseQdwEEhxbQo3H5SER/YoM="
            }
          },
          "8LzpZ5aEWx3j5s5tiZ5MABdmq7Ue7Uzcel7f4fCgXpM=": {
            "valueMac": {
              "type": "Buffer",
              "data": "lyp9kwdQRxiv9ZPS43LHF9McZRAC6afxO+BZK70Gz0s="
            }
          },
          "djGRo62/v+kVK1yQvziEEMrgR3PCko1hZ1mU+rJlYhc=": {
            "valueMac": {
              "type": "Buffer",
              "data": "kwHmoo3hshypS0FhiHcI1vqw7iSrmDljvQId0sVELi4="
            }
          },
          "c5Vq5Z93XvQiRUHtdtYMjoi6ufQerw2rqE1qodhX7Bg=": {
            "valueMac": {
              "type": "Buffer",
              "data": "jriGBu4I9/c3g5TyH9A1zUzvl5ld40F3qdcx8tzHmog="
            }
          }
        }
      }
    },
    "senderKeys": {
      "status@broadcast::6282327846103::0": [
        {
          "senderKeyId": 1221046498,
          "senderChainKey": {
            "iteration": 9,
            "seed": "oQG2YEXDKHB89bVJ//XlqODE4RPfv2cB/S6XtOxdKM0="
          },
          "senderSigningKey": {
            "public": "Bbf9jKkr06iP6bunh+YnJpxDlNHlCp3ZHb4rw0abFRgK"
          }
        }
      ]
    }
  }
}